"tab_code","表章項目","cat01_code","銘柄(2020年基準）","area_code","地域","time_code","時間軸（月）","unit","value"
"10","価格","02134","2134 ぎょうざ(外食)","01100","札幌市","2020001212","2020年12月","","375"
"10","価格","02134","2134 ぎょうざ(外食)","01100","札幌市","2020001111","2020年11月","","375"
"10","価格","02134","2134 ぎょうざ(外食)","01100","札幌市","2020001010","2020年10月","","375"
"10","価格","02134","2134 ぎょうざ(外食)","01100","札幌市","2020000909","2020年9月","","375"
"10","価格","02134","2134 ぎょうざ(外食)","01100","札幌市","2020000808","2020年8月","","367"
"10","価格","02134","2134 ぎょうざ(外食)","01100","札幌市","2020000707","2020年7月","","367"
"10","価格","02134","2134 ぎょうざ(外食)","01100","札幌市","2020000606","2020年6月","","367"
"10","価格","02134","2134 ぎょうざ(外食)","01100","札幌市","2020000505","2020年5月","","390"
"10","価格","02134","2134 ぎょうざ(外食)","01100","札幌市","2020000404","2020年4月","","367"
"10","価格","02134","2134 ぎょうざ(外食)","01100","札幌市","2020000303","2020年3月","","367"
"10","価格","02134","2134 ぎょうざ(外食)","01100","札幌市","2020000202","2020年2月","","367"
"10","価格","02134","2134 ぎょうざ(外食)","01100","札幌市","2020000101","2020年1月","","367"
"10","価格","02134","2134 ぎょうざ(外食)","01202","函館市","2020001212","2020年12月","","..."
"10","価格","02134","2134 ぎょうざ(外食)","01202","函館市","2020001111","2020年11月","","..."
"10","価格","02134","2134 ぎょうざ(外食)","01202","函館市","2020001010","2020年10月","","..."
"10","価格","02134","2134 ぎょうざ(外食)","01202","函館市","2020000909","2020年9月","","..."
"10","価格","02134","2134 ぎょうざ(外食)","01202","函館市","2020000808","2020年8月","","..."
"10","価格","02134","2134 ぎょうざ(外食)","01202","函館市","2020000707","2020年7月","","..."
"10","価格","02134","2134 ぎょうざ(外食)","01202","函館市","2020000606","2020年6月","","..."
"10","価格","02134","2134 ぎょうざ(外食)","01202","函館市","2020000505","2020年5月","","..."
"10","価格","02134","2134 ぎょうざ(外食)","01202","函館市","2020000404","2020年4月","","..."
"10","価格","02134","2134 ぎょうざ(外食)","01202","函館市","2020000303","2020年3月","","..."
"10","価格","02134","2134 ぎょうざ(外食)","01202","函館市","2020000202","2020年2月","","..."
"10","価格","02134","2134 ぎょうざ(外食)","01202","函館市","2020000101","2020年1月","","..."
"10","価格","02134","2134 ぎょうざ(外食)","01204","旭川市","2020001212","2020年12月","","..."
"10","価格","02134","2134 ぎょうざ(外食)","01204","旭川市","2020001111","2020年11月","","..."
"10","価格","02134","2134 ぎょうざ(外食)","01204","旭川市","2020001010","2020年10月","","..."
"10","価格","02134","2134 ぎょうざ(外食)","01204","旭川市","2020000909","2020年9月","","..."
"10","価格","02134","2134 ぎょうざ(外食)","01204","旭川市","2020000808","2020年8月","","..."
"10","価格","02134","2134 ぎょうざ(外食)","01204","旭川市","2020000707","2020年7月","","..."
"10","価格","02134","2134 ぎょうざ(外食)","01204","旭川市","2020000606","2020年6月","","..."
"10","価格","02134","2134 ぎょうざ(外食)","01204","旭川市","2020000505","2020年5月","","..."
"10","価格","02134","2134 ぎょうざ(外食)","01204","旭川市","2020000404","2020年4月","","..."
"10","価格","02134","2134 ぎょうざ(外食)","01204","旭川市","2020000303","2020年3月","","..."
"10","価格","02134","2134 ぎょうざ(外食)","01204","旭川市","2020000202","2020年2月","","..."
"10","価格","02134","2134 ぎょうざ(外食)","01204","旭川市","2020000101","2020年1月","","..."
"10","価格","02134","2134 ぎょうざ(外食)","02201","青森市","2020001212","2020年12月","","353"
"10","価格","02134","2134 ぎょうざ(外食)","02201","青森市","2020001111","2020年11月","","353"
"10","価格","02134","2134 ぎょうざ(外食)","02201","青森市","2020001010","2020年10月","","353"
"10","価格","02134","2134 ぎょうざ(外食)","02201","青森市","2020000909","2020年9月","","353"
"10","価格","02134","2134 ぎょうざ(外食)","02201","青森市","2020000808","2020年8月","","353"
"10","価格","02134","2134 ぎょうざ(外食)","02201","青森市","2020000707","2020年7月","","353"
"10","価格","02134","2134 ぎょうざ(外食)","02201","青森市","2020000606","2020年6月","","353"
"10","価格","02134","2134 ぎょうざ(外食)","02201","青森市","2020000505","2020年5月","","353"
"10","価格","02134","2134 ぎょうざ(外食)","02201","青森市","2020000404","2020年4月","","353"
"10","価格","02134","2134 ぎょうざ(外食)","02201","青森市","2020000303","2020年3月","","353"
"10","価格","02134","2134 ぎょうざ(外食)","02201","青森市","2020000202","2020年2月","","353"
"10","価格","02134","2134 ぎょうざ(外食)","02201","青森市","2020000101","2020年1月","","353"
"10","価格","02134","2134 ぎょうざ(外食)","02203","八戸市","2020001212","2020年12月","","..."
"10","価格","02134","2134 ぎょうざ(外食)","02203","八戸市","2020001111","2020年11月","","..."
"10","価格","02134","2134 ぎょうざ(外食)","02203","八戸市","2020001010","2020年10月","","..."
"10","価格","02134","2134 ぎょうざ(外食)","02203","八戸市","2020000909","2020年9月","","..."
"10","価格","02134","2134 ぎょうざ(外食)","02203","八戸市","2020000808","2020年8月","","..."
"10","価格","02134","2134 ぎょうざ(外食)","02203","八戸市","2020000707","2020年7月","","..."
"10","価格","02134","2134 ぎょうざ(外食)","02203","八戸市","2020000606","2020年6月","","..."
"10","価格","02134","2134 ぎょうざ(外食)","02203","八戸市","2020000505","2020年5月","","..."
"10","価格","02134","2134 ぎょうざ(外食)","02203","八戸市","2020000404","2020年4月","","..."
"10","価格","02134","2134 ぎょうざ(外食)","02203","八戸市","2020000303","2020年3月","","..."
"10","価格","02134","2134 ぎょうざ(外食)","02203","八戸市","2020000202","2020年2月","","..."
"10","価格","02134","2134 ぎょうざ(外食)","02203","八戸市","2020000101","2020年1月","","..."
"10","価格","02134","2134 ぎょうざ(外食)","03201","盛岡市","2020001212","2020年12月","","382"
"10","価格","02134","2134 ぎょうざ(外食)","03201","盛岡市","2020001111","2020年11月","","382"
"10","価格","02134","2134 ぎょうざ(外食)","03201","盛岡市","2020001010","2020年10月","","382"
"10","価格","02134","2134 ぎょうざ(外食)","03201","盛岡市","2020000909","2020年9月","","382"
"10","価格","02134","2134 ぎょうざ(外食)","03201","盛岡市","2020000808","2020年8月","","382"
"10","価格","02134","2134 ぎょうざ(外食)","03201","盛岡市","2020000707","2020年7月","","382"
"10","価格","02134","2134 ぎょうざ(外食)","03201","盛岡市","2020000606","2020年6月","","382"
"10","価格","02134","2134 ぎょうざ(外食)","03201","盛岡市","2020000505","2020年5月","","382"
"10","価格","02134","2134 ぎょうざ(外食)","03201","盛岡市","2020000404","2020年4月","","382"
"10","価格","02134","2134 ぎょうざ(外食)","03201","盛岡市","2020000303","2020年3月","","382"
"10","価格","02134","2134 ぎょうざ(外食)","03201","盛岡市","2020000202","2020年2月","","382"
"10","価格","02134","2134 ぎょうざ(外食)","03201","盛岡市","2020000101","2020年1月","","382"
"10","価格","02134","2134 ぎょうざ(外食)","04100","仙台市","2020001212","2020年12月","","320"
"10","価格","02134","2134 ぎょうざ(外食)","04100","仙台市","2020001111","2020年11月","","320"
"10","価格","02134","2134 ぎょうざ(外食)","04100","仙台市","2020001010","2020年10月","","320"
"10","価格","02134","2134 ぎょうざ(外食)","04100","仙台市","2020000909","2020年9月","","320"
"10","価格","02134","2134 ぎょうざ(外食)","04100","仙台市","2020000808","2020年8月","","320"
"10","価格","02134","2134 ぎょうざ(外食)","04100","仙台市","2020000707","2020年7月","","320"
"10","価格","02134","2134 ぎょうざ(外食)","04100","仙台市","2020000606","2020年6月","","320"
"10","価格","02134","2134 ぎょうざ(外食)","04100","仙台市","2020000505","2020年5月","","320"
"10","価格","02134","2134 ぎょうざ(外食)","04100","仙台市","2020000404","2020年4月","","320"
"10","価格","02134","2134 ぎょうざ(外食)","04100","仙台市","2020000303","2020年3月","","320"
"10","価格","02134","2134 ぎょうざ(外食)","04100","仙台市","2020000202","2020年2月","","320"
"10","価格","02134","2134 ぎょうざ(外食)","04100","仙台市","2020000101","2020年1月","","321"
"10","価格","02134","2134 ぎょうざ(外食)","05201","秋田市","2020001212","2020年12月","","390"
"10","価格","02134","2134 ぎょうざ(外食)","05201","秋田市","2020001111","2020年11月","","390"
"10","価格","02134","2134 ぎょうざ(外食)","05201","秋田市","2020001010","2020年10月","","390"
"10","価格","02134","2134 ぎょうざ(外食)","05201","秋田市","2020000909","2020年9月","","390"
"10","価格","02134","2134 ぎょうざ(外食)","05201","秋田市","2020000808","2020年8月","","390"
"10","価格","02134","2134 ぎょうざ(外食)","05201","秋田市","2020000707","2020年7月","","390"
"10","価格","02134","2134 ぎょうざ(外食)","05201","秋田市","2020000606","2020年6月","","390"
"10","価格","02134","2134 ぎょうざ(外食)","05201","秋田市","2020000505","2020年5月","","390"
"10","価格","02134","2134 ぎょうざ(外食)","05201","秋田市","2020000404","2020年4月","","390"
"10","価格","02134","2134 ぎょうざ(外食)","05201","秋田市","2020000303","2020年3月","","390"
"10","価格","02134","2134 ぎょうざ(外食)","05201","秋田市","2020000202","2020年2月","","390"
"10","価格","02134","2134 ぎょうざ(外食)","05201","秋田市","2020000101","2020年1月","","390"
"10","価格","02134","2134 ぎょうざ(外食)","06201","山形市","2020001212","2020年12月","","449"
"10","価格","02134","2134 ぎょうざ(外食)","06201","山形市","2020001111","2020年11月","","449"
"10","価格","02134","2134 ぎょうざ(外食)","06201","山形市","2020001010","2020年10月","","449"
"10","価格","02134","2134 ぎょうざ(外食)","06201","山形市","2020000909","2020年9月","","449"
"10","価格","02134","2134 ぎょうざ(外食)","06201","山形市","2020000808","2020年8月","","449"
"10","価格","02134","2134 ぎょうざ(外食)","06201","山形市","2020000707","2020年7月","","449"
"10","価格","02134","2134 ぎょうざ(外食)","06201","山形市","2020000606","2020年6月","","449"
"10","価格","02134","2134 ぎょうざ(外食)","06201","山形市","2020000505","2020年5月","","449"
"10","価格","02134","2134 ぎょうざ(外食)","06201","山形市","2020000404","2020年4月","","443"
"10","価格","02134","2134 ぎょうざ(外食)","06201","山形市","2020000303","2020年3月","","449"
"10","価格","02134","2134 ぎょうざ(外食)","06201","山形市","2020000202","2020年2月","","449"
"10","価格","02134","2134 ぎょうざ(外食)","06201","山形市","2020000101","2020年1月","","449"
"10","価格","02134","2134 ぎょうざ(外食)","07201","福島市","2020001212","2020年12月","","283"
"10","価格","02134","2134 ぎょうざ(外食)","07201","福島市","2020001111","2020年11月","","283"
"10","価格","02134","2134 ぎょうざ(外食)","07201","福島市","2020001010","2020年10月","","283"
"10","価格","02134","2134 ぎょうざ(外食)","07201","福島市","2020000909","2020年9月","","283"
"10","価格","02134","2134 ぎょうざ(外食)","07201","福島市","2020000808","2020年8月","","283"
"10","価格","02134","2134 ぎょうざ(外食)","07201","福島市","2020000707","2020年7月","","283"
"10","価格","02134","2134 ぎょうざ(外食)","07201","福島市","2020000606","2020年6月","","283"
"10","価格","02134","2134 ぎょうざ(外食)","07201","福島市","2020000505","2020年5月","","283"
"10","価格","02134","2134 ぎょうざ(外食)","07201","福島市","2020000404","2020年4月","","283"
"10","価格","02134","2134 ぎょうざ(外食)","07201","福島市","2020000303","2020年3月","","283"
"10","価格","02134","2134 ぎょうざ(外食)","07201","福島市","2020000202","2020年2月","","283"
"10","価格","02134","2134 ぎょうざ(外食)","07201","福島市","2020000101","2020年1月","","283"
"10","価格","02134","2134 ぎょうざ(外食)","07203","郡山市","2020001212","2020年12月","","..."
"10","価格","02134","2134 ぎょうざ(外食)","07203","郡山市","2020001111","2020年11月","","..."
"10","価格","02134","2134 ぎょうざ(外食)","07203","郡山市","2020001010","2020年10月","","..."
"10","価格","02134","2134 ぎょうざ(外食)","07203","郡山市","2020000909","2020年9月","","..."
"10","価格","02134","2134 ぎょうざ(外食)","07203","郡山市","2020000808","2020年8月","","..."
"10","価格","02134","2134 ぎょうざ(外食)","07203","郡山市","2020000707","2020年7月","","..."
"10","価格","02134","2134 ぎょうざ(外食)","07203","郡山市","2020000606","2020年6月","","..."
"10","価格","02134","2134 ぎょうざ(外食)","07203","郡山市","2020000505","2020年5月","","..."
"10","価格","02134","2134 ぎょうざ(外食)","07203","郡山市","2020000404","2020年4月","","..."
"10","価格","02134","2134 ぎょうざ(外食)","07203","郡山市","2020000303","2020年3月","","..."
"10","価格","02134","2134 ぎょうざ(外食)","07203","郡山市","2020000202","2020年2月","","..."
"10","価格","02134","2134 ぎょうざ(外食)","07203","郡山市","2020000101","2020年1月","","..."
"10","価格","02134","2134 ぎょうざ(外食)","08201","水戸市","2020001212","2020年12月","","350"
"10","価格","02134","2134 ぎょうざ(外食)","08201","水戸市","2020001111","2020年11月","","350"
"10","価格","02134","2134 ぎょうざ(外食)","08201","水戸市","2020001010","2020年10月","","350"
"10","価格","02134","2134 ぎょうざ(外食)","08201","水戸市","2020000909","2020年9月","","350"
"10","価格","02134","2134 ぎょうざ(外食)","08201","水戸市","2020000808","2020年8月","","350"
"10","価格","02134","2134 ぎょうざ(外食)","08201","水戸市","2020000707","2020年7月","","350"
"10","価格","02134","2134 ぎょうざ(外食)","08201","水戸市","2020000606","2020年6月","","350"
"10","価格","02134","2134 ぎょうざ(外食)","08201","水戸市","2020000505","2020年5月","","350"
"10","価格","02134","2134 ぎょうざ(外食)","08201","水戸市","2020000404","2020年4月","","350"
"10","価格","02134","2134 ぎょうざ(外食)","08201","水戸市","2020000303","2020年3月","","350"
"10","価格","02134","2134 ぎょうざ(外食)","08201","水戸市","2020000202","2020年2月","","350"
"10","価格","02134","2134 ぎょうざ(外食)","08201","水戸市","2020000101","2020年1月","","350"
"10","価格","02134","2134 ぎょうざ(外食)","08202","日立市","2020001212","2020年12月","","..."
"10","価格","02134","2134 ぎょうざ(外食)","08202","日立市","2020001111","2020年11月","","..."
"10","価格","02134","2134 ぎょうざ(外食)","08202","日立市","2020001010","2020年10月","","..."
"10","価格","02134","2134 ぎょうざ(外食)","08202","日立市","2020000909","2020年9月","","..."
"10","価格","02134","2134 ぎょうざ(外食)","08202","日立市","2020000808","2020年8月","","..."
"10","価格","02134","2134 ぎょうざ(外食)","08202","日立市","2020000707","2020年7月","","..."
"10","価格","02134","2134 ぎょうざ(外食)","08202","日立市","2020000606","2020年6月","","..."
"10","価格","02134","2134 ぎょうざ(外食)","08202","日立市","2020000505","2020年5月","","..."
"10","価格","02134","2134 ぎょうざ(外食)","08202","日立市","2020000404","2020年4月","","..."
"10","価格","02134","2134 ぎょうざ(外食)","08202","日立市","2020000303","2020年3月","","..."
"10","価格","02134","2134 ぎょうざ(外食)","08202","日立市","2020000202","2020年2月","","..."
"10","価格","02134","2134 ぎょうざ(外食)","08202","日立市","2020000101","2020年1月","","..."
"10","価格","02134","2134 ぎょうざ(外食)","09201","宇都宮市","2020001212","2020年12月","","262"
"10","価格","02134","2134 ぎょうざ(外食)","09201","宇都宮市","2020001111","2020年11月","","262"
"10","価格","02134","2134 ぎょうざ(外食)","09201","宇都宮市","2020001010","2020年10月","","262"
"10","価格","02134","2134 ぎょうざ(外食)","09201","宇都宮市","2020000909","2020年9月","","262"
"10","価格","02134","2134 ぎょうざ(外食)","09201","宇都宮市","2020000808","2020年8月","","259"
"10","価格","02134","2134 ぎょうざ(外食)","09201","宇都宮市","2020000707","2020年7月","","259"
"10","価格","02134","2134 ぎょうざ(外食)","09201","宇都宮市","2020000606","2020年6月","","247"
"10","価格","02134","2134 ぎょうざ(外食)","09201","宇都宮市","2020000505","2020年5月","","247"
"10","価格","02134","2134 ぎょうざ(外食)","09201","宇都宮市","2020000404","2020年4月","","268"
"10","価格","02134","2134 ぎょうざ(外食)","09201","宇都宮市","2020000303","2020年3月","","268"
"10","価格","02134","2134 ぎょうざ(外食)","09201","宇都宮市","2020000202","2020年2月","","268"
"10","価格","02134","2134 ぎょうざ(外食)","09201","宇都宮市","2020000101","2020年1月","","268"
"10","価格","02134","2134 ぎょうざ(外食)","09208","小山市","2020001212","2020年12月","","..."
"10","価格","02134","2134 ぎょうざ(外食)","09208","小山市","2020001111","2020年11月","","..."
"10","価格","02134","2134 ぎょうざ(外食)","09208","小山市","2020001010","2020年10月","","..."
"10","価格","02134","2134 ぎょうざ(外食)","09208","小山市","2020000909","2020年9月","","..."
"10","価格","02134","2134 ぎょうざ(外食)","09208","小山市","2020000808","2020年8月","","..."
"10","価格","02134","2134 ぎょうざ(外食)","09208","小山市","2020000707","2020年7月","","..."
"10","価格","02134","2134 ぎょうざ(外食)","09208","小山市","2020000606","2020年6月","","..."
"10","価格","02134","2134 ぎょうざ(外食)","09208","小山市","2020000505","2020年5月","","..."
"10","価格","02134","2134 ぎょうざ(外食)","09208","小山市","2020000404","2020年4月","","..."
"10","価格","02134","2134 ぎょうざ(外食)","09208","小山市","2020000303","2020年3月","","..."
"10","価格","02134","2134 ぎょうざ(外食)","09208","小山市","2020000202","2020年2月","","..."
"10","価格","02134","2134 ぎょうざ(外食)","09208","小山市","2020000101","2020年1月","","..."
"10","価格","02134","2134 ぎょうざ(外食)","10201","前橋市","2020001212","2020年12月","","367"
"10","価格","02134","2134 ぎょうざ(外食)","10201","前橋市","2020001111","2020年11月","","367"
"10","価格","02134","2134 ぎょうざ(外食)","10201","前橋市","2020001010","2020年10月","","367"
"10","価格","02134","2134 ぎょうざ(外食)","10201","前橋市","2020000909","2020年9月","","367"
"10","価格","02134","2134 ぎょうざ(外食)","10201","前橋市","2020000808","2020年8月","","367"
"10","価格","02134","2134 ぎょうざ(外食)","10201","前橋市","2020000707","2020年7月","","367"
"10","価格","02134","2134 ぎょうざ(外食)","10201","前橋市","2020000606","2020年6月","","367"
"10","価格","02134","2134 ぎょうざ(外食)","10201","前橋市","2020000505","2020年5月","","293"
"10","価格","02134","2134 ぎょうざ(外食)","10201","前橋市","2020000404","2020年4月","","353"
"10","価格","02134","2134 ぎょうざ(外食)","10201","前橋市","2020000303","2020年3月","","353"
"10","価格","02134","2134 ぎょうざ(外食)","10201","前橋市","2020000202","2020年2月","","343"
"10","価格","02134","2134 ぎょうざ(外食)","10201","前橋市","2020000101","2020年1月","","343"
"10","価格","02134","2134 ぎょうざ(外食)","11100","さいたま市","2020001212","2020年12月","","263"
"10","価格","02134","2134 ぎょうざ(外食)","11100","さいたま市","2020001111","2020年11月","","263"
"10","価格","02134","2134 ぎょうざ(外食)","11100","さいたま市","2020001010","2020年10月","","263"
"10","価格","02134","2134 ぎょうざ(外食)","11100","さいたま市","2020000909","2020年9月","","263"
"10","価格","02134","2134 ぎょうざ(外食)","11100","さいたま市","2020000808","2020年8月","","263"
"10","価格","02134","2134 ぎょうざ(外食)","11100","さいたま市","2020000707","2020年7月","","263"
"10","価格","02134","2134 ぎょうざ(外食)","11100","さいたま市","2020000606","2020年6月","","263"
"10","価格","02134","2134 ぎょうざ(外食)","11100","さいたま市","2020000505","2020年5月","","230"
"10","価格","02134","2134 ぎょうざ(外食)","11100","さいたま市","2020000404","2020年4月","","263"
"10","価格","02134","2134 ぎょうざ(外食)","11100","さいたま市","2020000303","2020年3月","","301"
"10","価格","02134","2134 ぎょうざ(外食)","11100","さいたま市","2020000202","2020年2月","","301"
"10","価格","02134","2134 ぎょうざ(外食)","11100","さいたま市","2020000101","2020年1月","","301"
"10","価格","02134","2134 ぎょうざ(外食)","11202","熊谷市","2020001212","2020年12月","","..."
"10","価格","02134","2134 ぎょうざ(外食)","11202","熊谷市","2020001111","2020年11月","","..."
"10","価格","02134","2134 ぎょうざ(外食)","11202","熊谷市","2020001010","2020年10月","","..."
"10","価格","02134","2134 ぎょうざ(外食)","11202","熊谷市","2020000909","2020年9月","","..."
"10","価格","02134","2134 ぎょうざ(外食)","11202","熊谷市","2020000808","2020年8月","","..."
"10","価格","02134","2134 ぎょうざ(外食)","11202","熊谷市","2020000707","2020年7月","","..."
"10","価格","02134","2134 ぎょうざ(外食)","11202","熊谷市","2020000606","2020年6月","","..."
"10","価格","02134","2134 ぎょうざ(外食)","11202","熊谷市","2020000505","2020年5月","","..."
"10","価格","02134","2134 ぎょうざ(外食)","11202","熊谷市","2020000404","2020年4月","","..."
"10","価格","02134","2134 ぎょうざ(外食)","11202","熊谷市","2020000303","2020年3月","","..."
"10","価格","02134","2134 ぎょうざ(外食)","11202","熊谷市","2020000202","2020年2月","","..."
"10","価格","02134","2134 ぎょうざ(外食)","11202","熊谷市","2020000101","2020年1月","","..."
"10","価格","02134","2134 ぎょうざ(外食)","11203","川口市","2020001212","2020年12月","","..."
"10","価格","02134","2134 ぎょうざ(外食)","11203","川口市","2020001111","2020年11月","","..."
"10","価格","02134","2134 ぎょうざ(外食)","11203","川口市","2020001010","2020年10月","","..."
"10","価格","02134","2134 ぎょうざ(外食)","11203","川口市","2020000909","2020年9月","","..."
"10","価格","02134","2134 ぎょうざ(外食)","11203","川口市","2020000808","2020年8月","","..."
"10","価格","02134","2134 ぎょうざ(外食)","11203","川口市","2020000707","2020年7月","","..."
"10","価格","02134","2134 ぎょうざ(外食)","11203","川口市","2020000606","2020年6月","","..."
"10","価格","02134","2134 ぎょうざ(外食)","11203","川口市","2020000505","2020年5月","","..."
"10","価格","02134","2134 ぎょうざ(外食)","11203","川口市","2020000404","2020年4月","","..."
"10","価格","02134","2134 ぎょうざ(外食)","11203","川口市","2020000303","2020年3月","","..."
"10","価格","02134","2134 ぎょうざ(外食)","11203","川口市","2020000202","2020年2月","","..."
"10","価格","02134","2134 ぎょうざ(外食)","11203","川口市","2020000101","2020年1月","","..."
"10","価格","02134","2134 ぎょうざ(外食)","11208","所沢市","2020001212","2020年12月","","..."
"10","価格","02134","2134 ぎょうざ(外食)","11208","所沢市","2020001111","2020年11月","","..."
"10","価格","02134","2134 ぎょうざ(外食)","11208","所沢市","2020001010","2020年10月","","..."
"10","価格","02134","2134 ぎょうざ(外食)","11208","所沢市","2020000909","2020年9月","","..."
"10","価格","02134","2134 ぎょうざ(外食)","11208","所沢市","2020000808","2020年8月","","..."
"10","価格","02134","2134 ぎょうざ(外食)","11208","所沢市","2020000707","2020年7月","","..."
"10","価格","02134","2134 ぎょうざ(外食)","11208","所沢市","2020000606","2020年6月","","..."
"10","価格","02134","2134 ぎょうざ(外食)","11208","所沢市","2020000505","2020年5月","","..."
"10","価格","02134","2134 ぎょうざ(外食)","11208","所沢市","2020000404","2020年4月","","..."
"10","価格","02134","2134 ぎょうざ(外食)","11208","所沢市","2020000303","2020年3月","","..."
"10","価格","02134","2134 ぎょうざ(外食)","11208","所沢市","2020000202","2020年2月","","..."
"10","価格","02134","2134 ぎょうざ(外食)","11208","所沢市","2020000101","2020年1月","","..."
"10","価格","02134","2134 ぎょうざ(外食)","12100","千葉市","2020001212","2020年12月","","343"
"10","価格","02134","2134 ぎょうざ(外食)","12100","千葉市","2020001111","2020年11月","","343"
"10","価格","02134","2134 ぎょうざ(外食)","12100","千葉市","2020001010","2020年10月","","343"
"10","価格","02134","2134 ぎょうざ(外食)","12100","千葉市","2020000909","2020年9月","","343"
"10","価格","02134","2134 ぎょうざ(外食)","12100","千葉市","2020000808","2020年8月","","343"
"10","価格","02134","2134 ぎょうざ(外食)","12100","千葉市","2020000707","2020年7月","","343"
"10","価格","02134","2134 ぎょうざ(外食)","12100","千葉市","2020000606","2020年6月","","343"
"10","価格","02134","2134 ぎょうざ(外食)","12100","千葉市","2020000505","2020年5月","","343"
"10","価格","02134","2134 ぎょうざ(外食)","12100","千葉市","2020000404","2020年4月","","343"
"10","価格","02134","2134 ぎょうざ(外食)","12100","千葉市","2020000303","2020年3月","","343"
"10","価格","02134","2134 ぎょうざ(外食)","12100","千葉市","2020000202","2020年2月","","343"
"10","価格","02134","2134 ぎょうざ(外食)","12100","千葉市","2020000101","2020年1月","","343"
"10","価格","02134","2134 ぎょうざ(外食)","12212","佐倉市","2020001212","2020年12月","","..."
"10","価格","02134","2134 ぎょうざ(外食)","12212","佐倉市","2020001111","2020年11月","","..."
"10","価格","02134","2134 ぎょうざ(外食)","12212","佐倉市","2020001010","2020年10月","","..."
"10","価格","02134","2134 ぎょうざ(外食)","12212","佐倉市","2020000909","2020年9月","","..."
"10","価格","02134","2134 ぎょうざ(外食)","12212","佐倉市","2020000808","2020年8月","","..."
"10","価格","02134","2134 ぎょうざ(外食)","12212","佐倉市","2020000707","2020年7月","","..."
"10","価格","02134","2134 ぎょうざ(外食)","12212","佐倉市","2020000606","2020年6月","","..."
"10","価格","02134","2134 ぎょうざ(外食)","12212","佐倉市","2020000505","2020年5月","","..."
"10","価格","02134","2134 ぎょうざ(外食)","12212","佐倉市","2020000404","2020年4月","","..."
"10","価格","02134","2134 ぎょうざ(外食)","12212","佐倉市","2020000303","2020年3月","","..."
"10","価格","02134","2134 ぎょうざ(外食)","12212","佐倉市","2020000202","2020年2月","","..."
"10","価格","02134","2134 ぎょうざ(外食)","12212","佐倉市","2020000101","2020年1月","","..."
"10","価格","02134","2134 ぎょうざ(外食)","12227","浦安市","2020001212","2020年12月","","..."
"10","価格","02134","2134 ぎょうざ(外食)","12227","浦安市","2020001111","2020年11月","","..."
"10","価格","02134","2134 ぎょうざ(外食)","12227","浦安市","2020001010","2020年10月","","..."
"10","価格","02134","2134 ぎょうざ(外食)","12227","浦安市","2020000909","2020年9月","","..."
"10","価格","02134","2134 ぎょうざ(外食)","12227","浦安市","2020000808","2020年8月","","..."
"10","価格","02134","2134 ぎょうざ(外食)","12227","浦安市","2020000707","2020年7月","","..."
"10","価格","02134","2134 ぎょうざ(外食)","12227","浦安市","2020000606","2020年6月","","..."
"10","価格","02134","2134 ぎょうざ(外食)","12227","浦安市","2020000505","2020年5月","","..."
"10","価格","02134","2134 ぎょうざ(外食)","12227","浦安市","2020000404","2020年4月","","..."
"10","価格","02134","2134 ぎょうざ(外食)","12227","浦安市","2020000303","2020年3月","","..."
"10","価格","02134","2134 ぎょうざ(外食)","12227","浦安市","2020000202","2020年2月","","..."
"10","価格","02134","2134 ぎょうざ(外食)","12227","浦安市","2020000101","2020年1月","","..."
"10","価格","02134","2134 ぎょうざ(外食)","13100","特別区部","2020001212","2020年12月","","337"
"10","価格","02134","2134 ぎょうざ(外食)","13100","特別区部","2020001111","2020年11月","","337"
"10","価格","02134","2134 ぎょうざ(外食)","13100","特別区部","2020001010","2020年10月","","337"
"10","価格","02134","2134 ぎょうざ(外食)","13100","特別区部","2020000909","2020年9月","","337"
"10","価格","02134","2134 ぎょうざ(外食)","13100","特別区部","2020000808","2020年8月","","337"
"10","価格","02134","2134 ぎょうざ(外食)","13100","特別区部","2020000707","2020年7月","","337"
"10","価格","02134","2134 ぎょうざ(外食)","13100","特別区部","2020000606","2020年6月","","335"
"10","価格","02134","2134 ぎょうざ(外食)","13100","特別区部","2020000505","2020年5月","","312"
"10","価格","02134","2134 ぎょうざ(外食)","13100","特別区部","2020000404","2020年4月","","312"
"10","価格","02134","2134 ぎょうざ(外食)","13100","特別区部","2020000303","2020年3月","","337"
"10","価格","02134","2134 ぎょうざ(外食)","13100","特別区部","2020000202","2020年2月","","337"
"10","価格","02134","2134 ぎょうざ(外食)","13100","特別区部","2020000101","2020年1月","","337"
"10","価格","02134","2134 ぎょうざ(外食)","13201","八王子市","2020001212","2020年12月","","..."
"10","価格","02134","2134 ぎょうざ(外食)","13201","八王子市","2020001111","2020年11月","","..."
"10","価格","02134","2134 ぎょうざ(外食)","13201","八王子市","2020001010","2020年10月","","..."
"10","価格","02134","2134 ぎょうざ(外食)","13201","八王子市","2020000909","2020年9月","","..."
"10","価格","02134","2134 ぎょうざ(外食)","13201","八王子市","2020000808","2020年8月","","..."
"10","価格","02134","2134 ぎょうざ(外食)","13201","八王子市","2020000707","2020年7月","","..."
"10","価格","02134","2134 ぎょうざ(外食)","13201","八王子市","2020000606","2020年6月","","..."
"10","価格","02134","2134 ぎょうざ(外食)","13201","八王子市","2020000505","2020年5月","","..."
"10","価格","02134","2134 ぎょうざ(外食)","13201","八王子市","2020000404","2020年4月","","..."
"10","価格","02134","2134 ぎょうざ(外食)","13201","八王子市","2020000303","2020年3月","","..."
"10","価格","02134","2134 ぎょうざ(外食)","13201","八王子市","2020000202","2020年2月","","..."
"10","価格","02134","2134 ぎょうざ(外食)","13201","八王子市","2020000101","2020年1月","","..."
"10","価格","02134","2134 ぎょうざ(外食)","13202","立川市","2020001212","2020年12月","","..."
"10","価格","02134","2134 ぎょうざ(外食)","13202","立川市","2020001111","2020年11月","","..."
"10","価格","02134","2134 ぎょうざ(外食)","13202","立川市","2020001010","2020年10月","","..."
"10","価格","02134","2134 ぎょうざ(外食)","13202","立川市","2020000909","2020年9月","","..."
"10","価格","02134","2134 ぎょうざ(外食)","13202","立川市","2020000808","2020年8月","","..."
"10","価格","02134","2134 ぎょうざ(外食)","13202","立川市","2020000707","2020年7月","","..."
"10","価格","02134","2134 ぎょうざ(外食)","13202","立川市","2020000606","2020年6月","","..."
"10","価格","02134","2134 ぎょうざ(外食)","13202","立川市","2020000505","2020年5月","","..."
"10","価格","02134","2134 ぎょうざ(外食)","13202","立川市","2020000404","2020年4月","","..."
"10","価格","02134","2134 ぎょうざ(外食)","13202","立川市","2020000303","2020年3月","","..."
"10","価格","02134","2134 ぎょうざ(外食)","13202","立川市","2020000202","2020年2月","","..."
"10","価格","02134","2134 ぎょうざ(外食)","13202","立川市","2020000101","2020年1月","","..."
"10","価格","02134","2134 ぎょうざ(外食)","13206","府中市","2020001212","2020年12月","","..."
"10","価格","02134","2134 ぎょうざ(外食)","13206","府中市","2020001111","2020年11月","","..."
"10","価格","02134","2134 ぎょうざ(外食)","13206","府中市","2020001010","2020年10月","","..."
"10","価格","02134","2134 ぎょうざ(外食)","13206","府中市","2020000909","2020年9月","","..."
"10","価格","02134","2134 ぎょうざ(外食)","13206","府中市","2020000808","2020年8月","","..."
"10","価格","02134","2134 ぎょうざ(外食)","13206","府中市","2020000707","2020年7月","","..."
"10","価格","02134","2134 ぎょうざ(外食)","13206","府中市","2020000606","2020年6月","","..."
"10","価格","02134","2134 ぎょうざ(外食)","13206","府中市","2020000505","2020年5月","","..."
"10","価格","02134","2134 ぎょうざ(外食)","13206","府中市","2020000404","2020年4月","","..."
"10","価格","02134","2134 ぎょうざ(外食)","13206","府中市","2020000303","2020年3月","","..."
"10","価格","02134","2134 ぎょうざ(外食)","13206","府中市","2020000202","2020年2月","","..."
"10","価格","02134","2134 ぎょうざ(外食)","13206","府中市","2020000101","2020年1月","","..."
"10","価格","02134","2134 ぎょうざ(外食)","14100","横浜市","2020001212","2020年12月","","370"
"10","価格","02134","2134 ぎょうざ(外食)","14100","横浜市","2020001111","2020年11月","","370"
"10","価格","02134","2134 ぎょうざ(外食)","14100","横浜市","2020001010","2020年10月","","370"
"10","価格","02134","2134 ぎょうざ(外食)","14100","横浜市","2020000909","2020年9月","","370"
"10","価格","02134","2134 ぎょうざ(外食)","14100","横浜市","2020000808","2020年8月","","370"
"10","価格","02134","2134 ぎょうざ(外食)","14100","横浜市","2020000707","2020年7月","","370"
"10","価格","02134","2134 ぎょうざ(外食)","14100","横浜市","2020000606","2020年6月","","369"
"10","価格","02134","2134 ぎょうざ(外食)","14100","横浜市","2020000505","2020年5月","","390"
"10","価格","02134","2134 ぎょうざ(外食)","14100","横浜市","2020000404","2020年4月","","393"
"10","価格","02134","2134 ぎょうざ(外食)","14100","横浜市","2020000303","2020年3月","","372"
"10","価格","02134","2134 ぎょうざ(外食)","14100","横浜市","2020000202","2020年2月","","377"
"10","価格","02134","2134 ぎょうざ(外食)","14100","横浜市","2020000101","2020年1月","","377"
"10","価格","02134","2134 ぎょうざ(外食)","14130","川崎市","2020001212","2020年12月","","..."
"10","価格","02134","2134 ぎょうざ(外食)","14130","川崎市","2020001111","2020年11月","","..."
"10","価格","02134","2134 ぎょうざ(外食)","14130","川崎市","2020001010","2020年10月","","..."
"10","価格","02134","2134 ぎょうざ(外食)","14130","川崎市","2020000909","2020年9月","","..."
"10","価格","02134","2134 ぎょうざ(外食)","14130","川崎市","2020000808","2020年8月","","..."
"10","価格","02134","2134 ぎょうざ(外食)","14130","川崎市","2020000707","2020年7月","","..."
"10","価格","02134","2134 ぎょうざ(外食)","14130","川崎市","2020000606","2020年6月","","..."
"10","価格","02134","2134 ぎょうざ(外食)","14130","川崎市","2020000505","2020年5月","","..."
"10","価格","02134","2134 ぎょうざ(外食)","14130","川崎市","2020000404","2020年4月","","..."
"10","価格","02134","2134 ぎょうざ(外食)","14130","川崎市","2020000303","2020年3月","","..."
"10","価格","02134","2134 ぎょうざ(外食)","14130","川崎市","2020000202","2020年2月","","..."
"10","価格","02134","2134 ぎょうざ(外食)","14130","川崎市","2020000101","2020年1月","","..."
"10","価格","02134","2134 ぎょうざ(外食)","14150","相模原市","2020001212","2020年12月","","..."
"10","価格","02134","2134 ぎょうざ(外食)","14150","相模原市","2020001111","2020年11月","","..."
"10","価格","02134","2134 ぎょうざ(外食)","14150","相模原市","2020001010","2020年10月","","..."
"10","価格","02134","2134 ぎょうざ(外食)","14150","相模原市","2020000909","2020年9月","","..."
"10","価格","02134","2134 ぎょうざ(外食)","14150","相模原市","2020000808","2020年8月","","..."
"10","価格","02134","2134 ぎょうざ(外食)","14150","相模原市","2020000707","2020年7月","","..."
"10","価格","02134","2134 ぎょうざ(外食)","14150","相模原市","2020000606","2020年6月","","..."
"10","価格","02134","2134 ぎょうざ(外食)","14150","相模原市","2020000505","2020年5月","","..."
"10","価格","02134","2134 ぎょうざ(外食)","14150","相模原市","2020000404","2020年4月","","..."
"10","価格","02134","2134 ぎょうざ(外食)","14150","相模原市","2020000303","2020年3月","","..."
"10","価格","02134","2134 ぎょうざ(外食)","14150","相模原市","2020000202","2020年2月","","..."
"10","価格","02134","2134 ぎょうざ(外食)","14150","相模原市","2020000101","2020年1月","","..."
"10","価格","02134","2134 ぎょうざ(外食)","14201","横須賀市","2020001212","2020年12月","","..."
"10","価格","02134","2134 ぎょうざ(外食)","14201","横須賀市","2020001111","2020年11月","","..."
"10","価格","02134","2134 ぎょうざ(外食)","14201","横須賀市","2020001010","2020年10月","","..."
"10","価格","02134","2134 ぎょうざ(外食)","14201","横須賀市","2020000909","2020年9月","","..."
"10","価格","02134","2134 ぎょうざ(外食)","14201","横須賀市","2020000808","2020年8月","","..."
"10","価格","02134","2134 ぎょうざ(外食)","14201","横須賀市","2020000707","2020年7月","","..."
"10","価格","02134","2134 ぎょうざ(外食)","14201","横須賀市","2020000606","2020年6月","","..."
"10","価格","02134","2134 ぎょうざ(外食)","14201","横須賀市","2020000505","2020年5月","","..."
"10","価格","02134","2134 ぎょうざ(外食)","14201","横須賀市","2020000404","2020年4月","","..."
"10","価格","02134","2134 ぎょうざ(外食)","14201","横須賀市","2020000303","2020年3月","","..."
"10","価格","02134","2134 ぎょうざ(外食)","14201","横須賀市","2020000202","2020年2月","","..."
"10","価格","02134","2134 ぎょうざ(外食)","14201","横須賀市","2020000101","2020年1月","","..."
"10","価格","02134","2134 ぎょうざ(外食)","15100","新潟市","2020001212","2020年12月","","443"
"10","価格","02134","2134 ぎょうざ(外食)","15100","新潟市","2020001111","2020年11月","","443"
"10","価格","02134","2134 ぎょうざ(外食)","15100","新潟市","2020001010","2020年10月","","443"
"10","価格","02134","2134 ぎょうざ(外食)","15100","新潟市","2020000909","2020年9月","","443"
"10","価格","02134","2134 ぎょうざ(外食)","15100","新潟市","2020000808","2020年8月","","443"
"10","価格","02134","2134 ぎょうざ(外食)","15100","新潟市","2020000707","2020年7月","","443"
"10","価格","02134","2134 ぎょうざ(外食)","15100","新潟市","2020000606","2020年6月","","443"
"10","価格","02134","2134 ぎょうざ(外食)","15100","新潟市","2020000505","2020年5月","","443"
"10","価格","02134","2134 ぎょうざ(外食)","15100","新潟市","2020000404","2020年4月","","443"
"10","価格","02134","2134 ぎょうざ(外食)","15100","新潟市","2020000303","2020年3月","","443"
"10","価格","02134","2134 ぎょうざ(外食)","15100","新潟市","2020000202","2020年2月","","443"
"10","価格","02134","2134 ぎょうざ(外食)","15100","新潟市","2020000101","2020年1月","","443"
"10","価格","02134","2134 ぎょうざ(外食)","15202","長岡市","2020001212","2020年12月","","..."
"10","価格","02134","2134 ぎょうざ(外食)","15202","長岡市","2020001111","2020年11月","","..."
"10","価格","02134","2134 ぎょうざ(外食)","15202","長岡市","2020001010","2020年10月","","..."
"10","価格","02134","2134 ぎょうざ(外食)","15202","長岡市","2020000909","2020年9月","","..."
"10","価格","02134","2134 ぎょうざ(外食)","15202","長岡市","2020000808","2020年8月","","..."
"10","価格","02134","2134 ぎょうざ(外食)","15202","長岡市","2020000707","2020年7月","","..."
"10","価格","02134","2134 ぎょうざ(外食)","15202","長岡市","2020000606","2020年6月","","..."
"10","価格","02134","2134 ぎょうざ(外食)","15202","長岡市","2020000505","2020年5月","","..."
"10","価格","02134","2134 ぎょうざ(外食)","15202","長岡市","2020000404","2020年4月","","..."
"10","価格","02134","2134 ぎょうざ(外食)","15202","長岡市","2020000303","2020年3月","","..."
"10","価格","02134","2134 ぎょうざ(外食)","15202","長岡市","2020000202","2020年2月","","..."
"10","価格","02134","2134 ぎょうざ(外食)","15202","長岡市","2020000101","2020年1月","","..."
"10","価格","02134","2134 ぎょうざ(外食)","16201","富山市","2020001212","2020年12月","","395"
"10","価格","02134","2134 ぎょうざ(外食)","16201","富山市","2020001111","2020年11月","","395"
"10","価格","02134","2134 ぎょうざ(外食)","16201","富山市","2020001010","2020年10月","","395"
"10","価格","02134","2134 ぎょうざ(外食)","16201","富山市","2020000909","2020年9月","","395"
"10","価格","02134","2134 ぎょうざ(外食)","16201","富山市","2020000808","2020年8月","","395"
"10","価格","02134","2134 ぎょうざ(外食)","16201","富山市","2020000707","2020年7月","","395"
"10","価格","02134","2134 ぎょうざ(外食)","16201","富山市","2020000606","2020年6月","","395"
"10","価格","02134","2134 ぎょうざ(外食)","16201","富山市","2020000505","2020年5月","","358"
"10","価格","02134","2134 ぎょうざ(外食)","16201","富山市","2020000404","2020年4月","","395"
"10","価格","02134","2134 ぎょうざ(外食)","16201","富山市","2020000303","2020年3月","","395"
"10","価格","02134","2134 ぎょうざ(外食)","16201","富山市","2020000202","2020年2月","","395"
"10","価格","02134","2134 ぎょうざ(外食)","16201","富山市","2020000101","2020年1月","","395"
"10","価格","02134","2134 ぎょうざ(外食)","17201","金沢市","2020001212","2020年12月","","303"
"10","価格","02134","2134 ぎょうざ(外食)","17201","金沢市","2020001111","2020年11月","","303"
"10","価格","02134","2134 ぎょうざ(外食)","17201","金沢市","2020001010","2020年10月","","303"
"10","価格","02134","2134 ぎょうざ(外食)","17201","金沢市","2020000909","2020年9月","","336"
"10","価格","02134","2134 ぎょうざ(外食)","17201","金沢市","2020000808","2020年8月","","336"
"10","価格","02134","2134 ぎょうざ(外食)","17201","金沢市","2020000707","2020年7月","","336"
"10","価格","02134","2134 ぎょうざ(外食)","17201","金沢市","2020000606","2020年6月","","303"
"10","価格","02134","2134 ぎょうざ(外食)","17201","金沢市","2020000505","2020年5月","","303"
"10","価格","02134","2134 ぎょうざ(外食)","17201","金沢市","2020000404","2020年4月","","310"
"10","価格","02134","2134 ぎょうざ(外食)","17201","金沢市","2020000303","2020年3月","","303"
"10","価格","02134","2134 ぎょうざ(外食)","17201","金沢市","2020000202","2020年2月","","303"
"10","価格","02134","2134 ぎょうざ(外食)","17201","金沢市","2020000101","2020年1月","","303"
"10","価格","02134","2134 ぎょうざ(外食)","18201","福井市","2020001212","2020年12月","","298"
"10","価格","02134","2134 ぎょうざ(外食)","18201","福井市","2020001111","2020年11月","","298"
"10","価格","02134","2134 ぎょうざ(外食)","18201","福井市","2020001010","2020年10月","","298"
"10","価格","02134","2134 ぎょうざ(外食)","18201","福井市","2020000909","2020年9月","","294"
"10","価格","02134","2134 ぎょうざ(外食)","18201","福井市","2020000808","2020年8月","","285"
"10","価格","02134","2134 ぎょうざ(外食)","18201","福井市","2020000707","2020年7月","","285"
"10","価格","02134","2134 ぎょうざ(外食)","18201","福井市","2020000606","2020年6月","","285"
"10","価格","02134","2134 ぎょうざ(外食)","18201","福井市","2020000505","2020年5月","","285"
"10","価格","02134","2134 ぎょうざ(外食)","18201","福井市","2020000404","2020年4月","","285"
"10","価格","02134","2134 ぎょうざ(外食)","18201","福井市","2020000303","2020年3月","","285"
"10","価格","02134","2134 ぎょうざ(外食)","18201","福井市","2020000202","2020年2月","","285"
"10","価格","02134","2134 ぎょうざ(外食)","18201","福井市","2020000101","2020年1月","","285"
"10","価格","02134","2134 ぎょうざ(外食)","19201","甲府市","2020001212","2020年12月","","474"
"10","価格","02134","2134 ぎょうざ(外食)","19201","甲府市","2020001111","2020年11月","","474"
"10","価格","02134","2134 ぎょうざ(外食)","19201","甲府市","2020001010","2020年10月","","474"
"10","価格","02134","2134 ぎょうざ(外食)","19201","甲府市","2020000909","2020年9月","","498"
"10","価格","02134","2134 ぎょうざ(外食)","19201","甲府市","2020000808","2020年8月","","498"
"10","価格","02134","2134 ぎょうざ(外食)","19201","甲府市","2020000707","2020年7月","","498"
"10","価格","02134","2134 ぎょうざ(外食)","19201","甲府市","2020000606","2020年6月","","498"
"10","価格","02134","2134 ぎょうざ(外食)","19201","甲府市","2020000505","2020年5月","","498"
"10","価格","02134","2134 ぎょうざ(外食)","19201","甲府市","2020000404","2020年4月","","498"
"10","価格","02134","2134 ぎょうざ(外食)","19201","甲府市","2020000303","2020年3月","","498"
"10","価格","02134","2134 ぎょうざ(外食)","19201","甲府市","2020000202","2020年2月","","498"
"10","価格","02134","2134 ぎょうざ(外食)","19201","甲府市","2020000101","2020年1月","","498"
"10","価格","02134","2134 ぎょうざ(外食)","20201","長野市","2020001212","2020年12月","","407"
"10","価格","02134","2134 ぎょうざ(外食)","20201","長野市","2020001111","2020年11月","","407"
"10","価格","02134","2134 ぎょうざ(外食)","20201","長野市","2020001010","2020年10月","","407"
"10","価格","02134","2134 ぎょうざ(外食)","20201","長野市","2020000909","2020年9月","","407"
"10","価格","02134","2134 ぎょうざ(外食)","20201","長野市","2020000808","2020年8月","","407"
"10","価格","02134","2134 ぎょうざ(外食)","20201","長野市","2020000707","2020年7月","","407"
"10","価格","02134","2134 ぎょうざ(外食)","20201","長野市","2020000606","2020年6月","","407"
"10","価格","02134","2134 ぎょうざ(外食)","20201","長野市","2020000505","2020年5月","","407"
"10","価格","02134","2134 ぎょうざ(外食)","20201","長野市","2020000404","2020年4月","","407"
"10","価格","02134","2134 ぎょうざ(外食)","20201","長野市","2020000303","2020年3月","","407"
"10","価格","02134","2134 ぎょうざ(外食)","20201","長野市","2020000202","2020年2月","","407"
"10","価格","02134","2134 ぎょうざ(外食)","20201","長野市","2020000101","2020年1月","","407"
"10","価格","02134","2134 ぎょうざ(外食)","20202","松本市","2020001212","2020年12月","","..."
"10","価格","02134","2134 ぎょうざ(外食)","20202","松本市","2020001111","2020年11月","","..."
"10","価格","02134","2134 ぎょうざ(外食)","20202","松本市","2020001010","2020年10月","","..."
"10","価格","02134","2134 ぎょうざ(外食)","20202","松本市","2020000909","2020年9月","","..."
"10","価格","02134","2134 ぎょうざ(外食)","20202","松本市","2020000808","2020年8月","","..."
"10","価格","02134","2134 ぎょうざ(外食)","20202","松本市","2020000707","2020年7月","","..."
"10","価格","02134","2134 ぎょうざ(外食)","20202","松本市","2020000606","2020年6月","","..."
"10","価格","02134","2134 ぎょうざ(外食)","20202","松本市","2020000505","2020年5月","","..."
"10","価格","02134","2134 ぎょうざ(外食)","20202","松本市","2020000404","2020年4月","","..."
"10","価格","02134","2134 ぎょうざ(外食)","20202","松本市","2020000303","2020年3月","","..."
"10","価格","02134","2134 ぎょうざ(外食)","20202","松本市","2020000202","2020年2月","","..."
"10","価格","02134","2134 ぎょうざ(外食)","20202","松本市","2020000101","2020年1月","","..."
"10","価格","02134","2134 ぎょうざ(外食)","21201","岐阜市","2020001212","2020年12月","","373"
"10","価格","02134","2134 ぎょうざ(外食)","21201","岐阜市","2020001111","2020年11月","","373"
"10","価格","02134","2134 ぎょうざ(外食)","21201","岐阜市","2020001010","2020年10月","","373"
"10","価格","02134","2134 ぎょうざ(外食)","21201","岐阜市","2020000909","2020年9月","","373"
"10","価格","02134","2134 ぎょうざ(外食)","21201","岐阜市","2020000808","2020年8月","","373"
"10","価格","02134","2134 ぎょうざ(外食)","21201","岐阜市","2020000707","2020年7月","","373"
"10","価格","02134","2134 ぎょうざ(外食)","21201","岐阜市","2020000606","2020年6月","","373"
"10","価格","02134","2134 ぎょうざ(外食)","21201","岐阜市","2020000505","2020年5月","","360"
"10","価格","02134","2134 ぎょうざ(外食)","21201","岐阜市","2020000404","2020年4月","","373"
"10","価格","02134","2134 ぎょうざ(外食)","21201","岐阜市","2020000303","2020年3月","","373"
"10","価格","02134","2134 ぎょうざ(外食)","21201","岐阜市","2020000202","2020年2月","","373"
"10","価格","02134","2134 ぎょうざ(外食)","21201","岐阜市","2020000101","2020年1月","","373"
"10","価格","02134","2134 ぎょうざ(外食)","22100","静岡市","2020001212","2020年12月","","348"
"10","価格","02134","2134 ぎょうざ(外食)","22100","静岡市","2020001111","2020年11月","","348"
"10","価格","02134","2134 ぎょうざ(外食)","22100","静岡市","2020001010","2020年10月","","348"
"10","価格","02134","2134 ぎょうざ(外食)","22100","静岡市","2020000909","2020年9月","","348"
"10","価格","02134","2134 ぎょうざ(外食)","22100","静岡市","2020000808","2020年8月","","348"
"10","価格","02134","2134 ぎょうざ(外食)","22100","静岡市","2020000707","2020年7月","","348"
"10","価格","02134","2134 ぎょうざ(外食)","22100","静岡市","2020000606","2020年6月","","348"
"10","価格","02134","2134 ぎょうざ(外食)","22100","静岡市","2020000505","2020年5月","","359"
"10","価格","02134","2134 ぎょうざ(外食)","22100","静岡市","2020000404","2020年4月","","348"
"10","価格","02134","2134 ぎょうざ(外食)","22100","静岡市","2020000303","2020年3月","","348"
"10","価格","02134","2134 ぎょうざ(外食)","22100","静岡市","2020000202","2020年2月","","348"
"10","価格","02134","2134 ぎょうざ(外食)","22100","静岡市","2020000101","2020年1月","","348"
"10","価格","02134","2134 ぎょうざ(外食)","22130","浜松市","2020001212","2020年12月","","..."
"10","価格","02134","2134 ぎょうざ(外食)","22130","浜松市","2020001111","2020年11月","","..."
"10","価格","02134","2134 ぎょうざ(外食)","22130","浜松市","2020001010","2020年10月","","..."
"10","価格","02134","2134 ぎょうざ(外食)","22130","浜松市","2020000909","2020年9月","","..."
"10","価格","02134","2134 ぎょうざ(外食)","22130","浜松市","2020000808","2020年8月","","..."
"10","価格","02134","2134 ぎょうざ(外食)","22130","浜松市","2020000707","2020年7月","","..."
"10","価格","02134","2134 ぎょうざ(外食)","22130","浜松市","2020000606","2020年6月","","..."
"10","価格","02134","2134 ぎょうざ(外食)","22130","浜松市","2020000505","2020年5月","","..."
"10","価格","02134","2134 ぎょうざ(外食)","22130","浜松市","2020000404","2020年4月","","..."
"10","価格","02134","2134 ぎょうざ(外食)","22130","浜松市","2020000303","2020年3月","","..."
"10","価格","02134","2134 ぎょうざ(外食)","22130","浜松市","2020000202","2020年2月","","..."
"10","価格","02134","2134 ぎょうざ(外食)","22130","浜松市","2020000101","2020年1月","","..."
"10","価格","02134","2134 ぎょうざ(外食)","22210","富士市","2020001212","2020年12月","","..."
"10","価格","02134","2134 ぎょうざ(外食)","22210","富士市","2020001111","2020年11月","","..."
"10","価格","02134","2134 ぎょうざ(外食)","22210","富士市","2020001010","2020年10月","","..."
"10","価格","02134","2134 ぎょうざ(外食)","22210","富士市","2020000909","2020年9月","","..."
"10","価格","02134","2134 ぎょうざ(外食)","22210","富士市","2020000808","2020年8月","","..."
"10","価格","02134","2134 ぎょうざ(外食)","22210","富士市","2020000707","2020年7月","","..."
"10","価格","02134","2134 ぎょうざ(外食)","22210","富士市","2020000606","2020年6月","","..."
"10","価格","02134","2134 ぎょうざ(外食)","22210","富士市","2020000505","2020年5月","","..."
"10","価格","02134","2134 ぎょうざ(外食)","22210","富士市","2020000404","2020年4月","","..."
"10","価格","02134","2134 ぎょうざ(外食)","22210","富士市","2020000303","2020年3月","","..."
"10","価格","02134","2134 ぎょうざ(外食)","22210","富士市","2020000202","2020年2月","","..."
"10","価格","02134","2134 ぎょうざ(外食)","22210","富士市","2020000101","2020年1月","","..."
"10","価格","02134","2134 ぎょうざ(外食)","23100","名古屋市","2020001212","2020年12月","","301"
"10","価格","02134","2134 ぎょうざ(外食)","23100","名古屋市","2020001111","2020年11月","","301"
"10","価格","02134","2134 ぎょうざ(外食)","23100","名古屋市","2020001010","2020年10月","","301"
"10","価格","02134","2134 ぎょうざ(外食)","23100","名古屋市","2020000909","2020年9月","","301"
"10","価格","02134","2134 ぎょうざ(外食)","23100","名古屋市","2020000808","2020年8月","","301"
"10","価格","02134","2134 ぎょうざ(外食)","23100","名古屋市","2020000707","2020年7月","","311"
"10","価格","02134","2134 ぎょうざ(外食)","23100","名古屋市","2020000606","2020年6月","","308"
"10","価格","02134","2134 ぎょうざ(外食)","23100","名古屋市","2020000505","2020年5月","","277"
"10","価格","02134","2134 ぎょうざ(外食)","23100","名古屋市","2020000404","2020年4月","","277"
"10","価格","02134","2134 ぎょうざ(外食)","23100","名古屋市","2020000303","2020年3月","","308"
"10","価格","02134","2134 ぎょうざ(外食)","23100","名古屋市","2020000202","2020年2月","","308"
"10","価格","02134","2134 ぎょうざ(外食)","23100","名古屋市","2020000101","2020年1月","","308"
"10","価格","02134","2134 ぎょうざ(外食)","23202","岡崎市","2020001212","2020年12月","","..."
"10","価格","02134","2134 ぎょうざ(外食)","23202","岡崎市","2020001111","2020年11月","","..."
"10","価格","02134","2134 ぎょうざ(外食)","23202","岡崎市","2020001010","2020年10月","","..."
"10","価格","02134","2134 ぎょうざ(外食)","23202","岡崎市","2020000909","2020年9月","","..."
"10","価格","02134","2134 ぎょうざ(外食)","23202","岡崎市","2020000808","2020年8月","","..."
"10","価格","02134","2134 ぎょうざ(外食)","23202","岡崎市","2020000707","2020年7月","","..."
"10","価格","02134","2134 ぎょうざ(外食)","23202","岡崎市","2020000606","2020年6月","","..."
"10","価格","02134","2134 ぎょうざ(外食)","23202","岡崎市","2020000505","2020年5月","","..."
"10","価格","02134","2134 ぎょうざ(外食)","23202","岡崎市","2020000404","2020年4月","","..."
"10","価格","02134","2134 ぎょうざ(外食)","23202","岡崎市","2020000303","2020年3月","","..."
"10","価格","02134","2134 ぎょうざ(外食)","23202","岡崎市","2020000202","2020年2月","","..."
"10","価格","02134","2134 ぎょうざ(外食)","23202","岡崎市","2020000101","2020年1月","","..."
"10","価格","02134","2134 ぎょうざ(外食)","24201","津市","2020001212","2020年12月","","357"
"10","価格","02134","2134 ぎょうざ(外食)","24201","津市","2020001111","2020年11月","","357"
"10","価格","02134","2134 ぎょうざ(外食)","24201","津市","2020001010","2020年10月","","357"
"10","価格","02134","2134 ぎょうざ(外食)","24201","津市","2020000909","2020年9月","","357"
"10","価格","02134","2134 ぎょうざ(外食)","24201","津市","2020000808","2020年8月","","357"
"10","価格","02134","2134 ぎょうざ(外食)","24201","津市","2020000707","2020年7月","","357"
"10","価格","02134","2134 ぎょうざ(外食)","24201","津市","2020000606","2020年6月","","357"
"10","価格","02134","2134 ぎょうざ(外食)","24201","津市","2020000505","2020年5月","","357"
"10","価格","02134","2134 ぎょうざ(外食)","24201","津市","2020000404","2020年4月","","357"
"10","価格","02134","2134 ぎょうざ(外食)","24201","津市","2020000303","2020年3月","","357"
"10","価格","02134","2134 ぎょうざ(外食)","24201","津市","2020000202","2020年2月","","357"
"10","価格","02134","2134 ぎょうざ(外食)","24201","津市","2020000101","2020年1月","","357"
"10","価格","02134","2134 ぎょうざ(外食)","24204","松阪市","2020001212","2020年12月","","..."
"10","価格","02134","2134 ぎょうざ(外食)","24204","松阪市","2020001111","2020年11月","","..."
"10","価格","02134","2134 ぎょうざ(外食)","24204","松阪市","2020001010","2020年10月","","..."
"10","価格","02134","2134 ぎょうざ(外食)","24204","松阪市","2020000909","2020年9月","","..."
"10","価格","02134","2134 ぎょうざ(外食)","24204","松阪市","2020000808","2020年8月","","..."
"10","価格","02134","2134 ぎょうざ(外食)","24204","松阪市","2020000707","2020年7月","","..."
"10","価格","02134","2134 ぎょうざ(外食)","24204","松阪市","2020000606","2020年6月","","..."
"10","価格","02134","2134 ぎょうざ(外食)","24204","松阪市","2020000505","2020年5月","","..."
"10","価格","02134","2134 ぎょうざ(外食)","24204","松阪市","2020000404","2020年4月","","..."
"10","価格","02134","2134 ぎょうざ(外食)","24204","松阪市","2020000303","2020年3月","","..."
"10","価格","02134","2134 ぎょうざ(外食)","24204","松阪市","2020000202","2020年2月","","..."
"10","価格","02134","2134 ぎょうざ(外食)","24204","松阪市","2020000101","2020年1月","","..."
"10","価格","02134","2134 ぎょうざ(外食)","25201","大津市","2020001212","2020年12月","","261"
"10","価格","02134","2134 ぎょうざ(外食)","25201","大津市","2020001111","2020年11月","","261"
"10","価格","02134","2134 ぎょうざ(外食)","25201","大津市","2020001010","2020年10月","","261"
"10","価格","02134","2134 ぎょうざ(外食)","25201","大津市","2020000909","2020年9月","","261"
"10","価格","02134","2134 ぎょうざ(外食)","25201","大津市","2020000808","2020年8月","","261"
"10","価格","02134","2134 ぎょうざ(外食)","25201","大津市","2020000707","2020年7月","","261"
"10","価格","02134","2134 ぎょうざ(外食)","25201","大津市","2020000606","2020年6月","","290"
"10","価格","02134","2134 ぎょうざ(外食)","25201","大津市","2020000505","2020年5月","","242"
"10","価格","02134","2134 ぎょうざ(外食)","25201","大津市","2020000404","2020年4月","","290"
"10","価格","02134","2134 ぎょうざ(外食)","25201","大津市","2020000303","2020年3月","","290"
"10","価格","02134","2134 ぎょうざ(外食)","25201","大津市","2020000202","2020年2月","","290"
"10","価格","02134","2134 ぎょうざ(外食)","25201","大津市","2020000101","2020年1月","","290"
"10","価格","02134","2134 ぎょうざ(外食)","26100","京都市","2020001212","2020年12月","","250"
"10","価格","02134","2134 ぎょうざ(外食)","26100","京都市","2020001111","2020年11月","","250"
"10","価格","02134","2134 ぎょうざ(外食)","26100","京都市","2020001010","2020年10月","","250"
"10","価格","02134","2134 ぎょうざ(外食)","26100","京都市","2020000909","2020年9月","","250"
"10","価格","02134","2134 ぎょうざ(外食)","26100","京都市","2020000808","2020年8月","","250"
"10","価格","02134","2134 ぎょうざ(外食)","26100","京都市","2020000707","2020年7月","","250"
"10","価格","02134","2134 ぎょうざ(外食)","26100","京都市","2020000606","2020年6月","","250"
"10","価格","02134","2134 ぎょうざ(外食)","26100","京都市","2020000505","2020年5月","","266"
"10","価格","02134","2134 ぎょうざ(外食)","26100","京都市","2020000404","2020年4月","","266"
"10","価格","02134","2134 ぎょうざ(外食)","26100","京都市","2020000303","2020年3月","","250"
"10","価格","02134","2134 ぎょうざ(外食)","26100","京都市","2020000202","2020年2月","","250"
"10","価格","02134","2134 ぎょうざ(外食)","26100","京都市","2020000101","2020年1月","","250"
"10","価格","02134","2134 ぎょうざ(外食)","27100","大阪市","2020001212","2020年12月","","273"
"10","価格","02134","2134 ぎょうざ(外食)","27100","大阪市","2020001111","2020年11月","","273"
"10","価格","02134","2134 ぎょうざ(外食)","27100","大阪市","2020001010","2020年10月","","269"
"10","価格","02134","2134 ぎょうざ(外食)","27100","大阪市","2020000909","2020年9月","","285"
"10","価格","02134","2134 ぎょうざ(外食)","27100","大阪市","2020000808","2020年8月","","269"
"10","価格","02134","2134 ぎょうざ(外食)","27100","大阪市","2020000707","2020年7月","","269"
"10","価格","02134","2134 ぎょうざ(外食)","27100","大阪市","2020000606","2020年6月","","269"
"10","価格","02134","2134 ぎょうざ(外食)","27100","大阪市","2020000505","2020年5月","","261"
"10","価格","02134","2134 ぎょうざ(外食)","27100","大阪市","2020000404","2020年4月","","272"
"10","価格","02134","2134 ぎょうざ(外食)","27100","大阪市","2020000303","2020年3月","","273"
"10","価格","02134","2134 ぎょうざ(外食)","27100","大阪市","2020000202","2020年2月","","273"
"10","価格","02134","2134 ぎょうざ(外食)","27100","大阪市","2020000101","2020年1月","","272"
"10","価格","02134","2134 ぎょうざ(外食)","27140","堺市","2020001212","2020年12月","","..."
"10","価格","02134","2134 ぎょうざ(外食)","27140","堺市","2020001111","2020年11月","","..."
"10","価格","02134","2134 ぎょうざ(外食)","27140","堺市","2020001010","2020年10月","","..."
"10","価格","02134","2134 ぎょうざ(外食)","27140","堺市","2020000909","2020年9月","","..."
"10","価格","02134","2134 ぎょうざ(外食)","27140","堺市","2020000808","2020年8月","","..."
"10","価格","02134","2134 ぎょうざ(外食)","27140","堺市","2020000707","2020年7月","","..."
"10","価格","02134","2134 ぎょうざ(外食)","27140","堺市","2020000606","2020年6月","","..."
"10","価格","02134","2134 ぎょうざ(外食)","27140","堺市","2020000505","2020年5月","","..."
"10","価格","02134","2134 ぎょうざ(外食)","27140","堺市","2020000404","2020年4月","","..."
"10","価格","02134","2134 ぎょうざ(外食)","27140","堺市","2020000303","2020年3月","","..."
"10","価格","02134","2134 ぎょうざ(外食)","27140","堺市","2020000202","2020年2月","","..."
"10","価格","02134","2134 ぎょうざ(外食)","27140","堺市","2020000101","2020年1月","","..."
"10","価格","02134","2134 ぎょうざ(外食)","27210","枚方市","2020001212","2020年12月","","..."
"10","価格","02134","2134 ぎょうざ(外食)","27210","枚方市","2020001111","2020年11月","","..."
"10","価格","02134","2134 ぎょうざ(外食)","27210","枚方市","2020001010","2020年10月","","..."
"10","価格","02134","2134 ぎょうざ(外食)","27210","枚方市","2020000909","2020年9月","","..."
"10","価格","02134","2134 ぎょうざ(外食)","27210","枚方市","2020000808","2020年8月","","..."
"10","価格","02134","2134 ぎょうざ(外食)","27210","枚方市","2020000707","2020年7月","","..."
"10","価格","02134","2134 ぎょうざ(外食)","27210","枚方市","2020000606","2020年6月","","..."
"10","価格","02134","2134 ぎょうざ(外食)","27210","枚方市","2020000505","2020年5月","","..."
"10","価格","02134","2134 ぎょうざ(外食)","27210","枚方市","2020000404","2020年4月","","..."
"10","価格","02134","2134 ぎょうざ(外食)","27210","枚方市","2020000303","2020年3月","","..."
"10","価格","02134","2134 ぎょうざ(外食)","27210","枚方市","2020000202","2020年2月","","..."
"10","価格","02134","2134 ぎょうざ(外食)","27210","枚方市","2020000101","2020年1月","","..."
"10","価格","02134","2134 ぎょうざ(外食)","27227","東大阪市","2020001212","2020年12月","","..."
"10","価格","02134","2134 ぎょうざ(外食)","27227","東大阪市","2020001111","2020年11月","","..."
"10","価格","02134","2134 ぎょうざ(外食)","27227","東大阪市","2020001010","2020年10月","","..."
"10","価格","02134","2134 ぎょうざ(外食)","27227","東大阪市","2020000909","2020年9月","","..."
"10","価格","02134","2134 ぎょうざ(外食)","27227","東大阪市","2020000808","2020年8月","","..."
"10","価格","02134","2134 ぎょうざ(外食)","27227","東大阪市","2020000707","2020年7月","","..."
"10","価格","02134","2134 ぎょうざ(外食)","27227","東大阪市","2020000606","2020年6月","","..."
"10","価格","02134","2134 ぎょうざ(外食)","27227","東大阪市","2020000505","2020年5月","","..."
"10","価格","02134","2134 ぎょうざ(外食)","27227","東大阪市","2020000404","2020年4月","","..."
"10","価格","02134","2134 ぎょうざ(外食)","27227","東大阪市","2020000303","2020年3月","","..."
"10","価格","02134","2134 ぎょうざ(外食)","27227","東大阪市","2020000202","2020年2月","","..."
"10","価格","02134","2134 ぎょうざ(外食)","27227","東大阪市","2020000101","2020年1月","","..."
"10","価格","02134","2134 ぎょうざ(外食)","28100","神戸市","2020001212","2020年12月","","287"
"10","価格","02134","2134 ぎょうざ(外食)","28100","神戸市","2020001111","2020年11月","","287"
"10","価格","02134","2134 ぎょうざ(外食)","28100","神戸市","2020001010","2020年10月","","287"
"10","価格","02134","2134 ぎょうざ(外食)","28100","神戸市","2020000909","2020年9月","","287"
"10","価格","02134","2134 ぎょうざ(外食)","28100","神戸市","2020000808","2020年8月","","287"
"10","価格","02134","2134 ぎょうざ(外食)","28100","神戸市","2020000707","2020年7月","","287"
"10","価格","02134","2134 ぎょうざ(外食)","28100","神戸市","2020000606","2020年6月","","287"
"10","価格","02134","2134 ぎょうざ(外食)","28100","神戸市","2020000505","2020年5月","","284"
"10","価格","02134","2134 ぎょうざ(外食)","28100","神戸市","2020000404","2020年4月","","284"
"10","価格","02134","2134 ぎょうざ(外食)","28100","神戸市","2020000303","2020年3月","","287"
"10","価格","02134","2134 ぎょうざ(外食)","28100","神戸市","2020000202","2020年2月","","287"
"10","価格","02134","2134 ぎょうざ(外食)","28100","神戸市","2020000101","2020年1月","","287"
"10","価格","02134","2134 ぎょうざ(外食)","28201","姫路市","2020001212","2020年12月","","..."
"10","価格","02134","2134 ぎょうざ(外食)","28201","姫路市","2020001111","2020年11月","","..."
"10","価格","02134","2134 ぎょうざ(外食)","28201","姫路市","2020001010","2020年10月","","..."
"10","価格","02134","2134 ぎょうざ(外食)","28201","姫路市","2020000909","2020年9月","","..."
"10","価格","02134","2134 ぎょうざ(外食)","28201","姫路市","2020000808","2020年8月","","..."
"10","価格","02134","2134 ぎょうざ(外食)","28201","姫路市","2020000707","2020年7月","","..."
"10","価格","02134","2134 ぎょうざ(外食)","28201","姫路市","2020000606","2020年6月","","..."
"10","価格","02134","2134 ぎょうざ(外食)","28201","姫路市","2020000505","2020年5月","","..."
"10","価格","02134","2134 ぎょうざ(外食)","28201","姫路市","2020000404","2020年4月","","..."
"10","価格","02134","2134 ぎょうざ(外食)","28201","姫路市","2020000303","2020年3月","","..."
"10","価格","02134","2134 ぎょうざ(外食)","28201","姫路市","2020000202","2020年2月","","..."
"10","価格","02134","2134 ぎょうざ(外食)","28201","姫路市","2020000101","2020年1月","","..."
"10","価格","02134","2134 ぎょうざ(外食)","28204","西宮市","2020001212","2020年12月","","..."
"10","価格","02134","2134 ぎょうざ(外食)","28204","西宮市","2020001111","2020年11月","","..."
"10","価格","02134","2134 ぎょうざ(外食)","28204","西宮市","2020001010","2020年10月","","..."
"10","価格","02134","2134 ぎょうざ(外食)","28204","西宮市","2020000909","2020年9月","","..."
"10","価格","02134","2134 ぎょうざ(外食)","28204","西宮市","2020000808","2020年8月","","..."
"10","価格","02134","2134 ぎょうざ(外食)","28204","西宮市","2020000707","2020年7月","","..."
"10","価格","02134","2134 ぎょうざ(外食)","28204","西宮市","2020000606","2020年6月","","..."
"10","価格","02134","2134 ぎょうざ(外食)","28204","西宮市","2020000505","2020年5月","","..."
"10","価格","02134","2134 ぎょうざ(外食)","28204","西宮市","2020000404","2020年4月","","..."
"10","価格","02134","2134 ぎょうざ(外食)","28204","西宮市","2020000303","2020年3月","","..."
"10","価格","02134","2134 ぎょうざ(外食)","28204","西宮市","2020000202","2020年2月","","..."
"10","価格","02134","2134 ぎょうざ(外食)","28204","西宮市","2020000101","2020年1月","","..."
"10","価格","02134","2134 ぎょうざ(外食)","28207","伊丹市","2020001212","2020年12月","","..."
"10","価格","02134","2134 ぎょうざ(外食)","28207","伊丹市","2020001111","2020年11月","","..."
"10","価格","02134","2134 ぎょうざ(外食)","28207","伊丹市","2020001010","2020年10月","","..."
"10","価格","02134","2134 ぎょうざ(外食)","28207","伊丹市","2020000909","2020年9月","","..."
"10","価格","02134","2134 ぎょうざ(外食)","28207","伊丹市","2020000808","2020年8月","","..."
"10","価格","02134","2134 ぎょうざ(外食)","28207","伊丹市","2020000707","2020年7月","","..."
"10","価格","02134","2134 ぎょうざ(外食)","28207","伊丹市","2020000606","2020年6月","","..."
"10","価格","02134","2134 ぎょうざ(外食)","28207","伊丹市","2020000505","2020年5月","","..."
"10","価格","02134","2134 ぎょうざ(外食)","28207","伊丹市","2020000404","2020年4月","","..."
"10","価格","02134","2134 ぎょうざ(外食)","28207","伊丹市","2020000303","2020年3月","","..."
"10","価格","02134","2134 ぎょうざ(外食)","28207","伊丹市","2020000202","2020年2月","","..."
"10","価格","02134","2134 ぎょうざ(外食)","28207","伊丹市","2020000101","2020年1月","","..."
"10","価格","02134","2134 ぎょうざ(外食)","29201","奈良市","2020001212","2020年12月","","301"
"10","価格","02134","2134 ぎょうざ(外食)","29201","奈良市","2020001111","2020年11月","","301"
"10","価格","02134","2134 ぎょうざ(外食)","29201","奈良市","2020001010","2020年10月","","301"
"10","価格","02134","2134 ぎょうざ(外食)","29201","奈良市","2020000909","2020年9月","","301"
"10","価格","02134","2134 ぎょうざ(外食)","29201","奈良市","2020000808","2020年8月","","301"
"10","価格","02134","2134 ぎょうざ(外食)","29201","奈良市","2020000707","2020年7月","","301"
"10","価格","02134","2134 ぎょうざ(外食)","29201","奈良市","2020000606","2020年6月","","301"
"10","価格","02134","2134 ぎょうざ(外食)","29201","奈良市","2020000505","2020年5月","","301"
"10","価格","02134","2134 ぎょうざ(外食)","29201","奈良市","2020000404","2020年4月","","301"
"10","価格","02134","2134 ぎょうざ(外食)","29201","奈良市","2020000303","2020年3月","","301"
"10","価格","02134","2134 ぎょうざ(外食)","29201","奈良市","2020000202","2020年2月","","301"
"10","価格","02134","2134 ぎょうざ(外食)","29201","奈良市","2020000101","2020年1月","","301"
"10","価格","02134","2134 ぎょうざ(外食)","30201","和歌山市","2020001212","2020年12月","","307"
"10","価格","02134","2134 ぎょうざ(外食)","30201","和歌山市","2020001111","2020年11月","","307"
"10","価格","02134","2134 ぎょうざ(外食)","30201","和歌山市","2020001010","2020年10月","","307"
"10","価格","02134","2134 ぎょうざ(外食)","30201","和歌山市","2020000909","2020年9月","","307"
"10","価格","02134","2134 ぎょうざ(外食)","30201","和歌山市","2020000808","2020年8月","","307"
"10","価格","02134","2134 ぎょうざ(外食)","30201","和歌山市","2020000707","2020年7月","","307"
"10","価格","02134","2134 ぎょうざ(外食)","30201","和歌山市","2020000606","2020年6月","","307"
"10","価格","02134","2134 ぎょうざ(外食)","30201","和歌山市","2020000505","2020年5月","","261"
"10","価格","02134","2134 ぎょうざ(外食)","30201","和歌山市","2020000404","2020年4月","","307"
"10","価格","02134","2134 ぎょうざ(外食)","30201","和歌山市","2020000303","2020年3月","","307"
"10","価格","02134","2134 ぎょうざ(外食)","30201","和歌山市","2020000202","2020年2月","","307"
"10","価格","02134","2134 ぎょうざ(外食)","30201","和歌山市","2020000101","2020年1月","","307"
"10","価格","02134","2134 ぎょうざ(外食)","31201","鳥取市","2020001212","2020年12月","","296"
"10","価格","02134","2134 ぎょうざ(外食)","31201","鳥取市","2020001111","2020年11月","","296"
"10","価格","02134","2134 ぎょうざ(外食)","31201","鳥取市","2020001010","2020年10月","","296"
"10","価格","02134","2134 ぎょうざ(外食)","31201","鳥取市","2020000909","2020年9月","","296"
"10","価格","02134","2134 ぎょうざ(外食)","31201","鳥取市","2020000808","2020年8月","","296"
"10","価格","02134","2134 ぎょうざ(外食)","31201","鳥取市","2020000707","2020年7月","","296"
"10","価格","02134","2134 ぎょうざ(外食)","31201","鳥取市","2020000606","2020年6月","","296"
"10","価格","02134","2134 ぎょうざ(外食)","31201","鳥取市","2020000505","2020年5月","","296"
"10","価格","02134","2134 ぎょうざ(外食)","31201","鳥取市","2020000404","2020年4月","","296"
"10","価格","02134","2134 ぎょうざ(外食)","31201","鳥取市","2020000303","2020年3月","","296"
"10","価格","02134","2134 ぎょうざ(外食)","31201","鳥取市","2020000202","2020年2月","","296"
"10","価格","02134","2134 ぎょうざ(外食)","31201","鳥取市","2020000101","2020年1月","","296"
"10","価格","02134","2134 ぎょうざ(外食)","32201","松江市","2020001212","2020年12月","","363"
"10","価格","02134","2134 ぎょうざ(外食)","32201","松江市","2020001111","2020年11月","","363"
"10","価格","02134","2134 ぎょうざ(外食)","32201","松江市","2020001010","2020年10月","","363"
"10","価格","02134","2134 ぎょうざ(外食)","32201","松江市","2020000909","2020年9月","","363"
"10","価格","02134","2134 ぎょうざ(外食)","32201","松江市","2020000808","2020年8月","","363"
"10","価格","02134","2134 ぎょうざ(外食)","32201","松江市","2020000707","2020年7月","","363"
"10","価格","02134","2134 ぎょうざ(外食)","32201","松江市","2020000606","2020年6月","","363"
"10","価格","02134","2134 ぎょうざ(外食)","32201","松江市","2020000505","2020年5月","","363"
"10","価格","02134","2134 ぎょうざ(外食)","32201","松江市","2020000404","2020年4月","","363"
"10","価格","02134","2134 ぎょうざ(外食)","32201","松江市","2020000303","2020年3月","","363"
"10","価格","02134","2134 ぎょうざ(外食)","32201","松江市","2020000202","2020年2月","","363"
"10","価格","02134","2134 ぎょうざ(外食)","32201","松江市","2020000101","2020年1月","","363"
"10","価格","02134","2134 ぎょうざ(外食)","33100","岡山市","2020001212","2020年12月","","323"
"10","価格","02134","2134 ぎょうざ(外食)","33100","岡山市","2020001111","2020年11月","","323"
"10","価格","02134","2134 ぎょうざ(外食)","33100","岡山市","2020001010","2020年10月","","323"
"10","価格","02134","2134 ぎょうざ(外食)","33100","岡山市","2020000909","2020年9月","","323"
"10","価格","02134","2134 ぎょうざ(外食)","33100","岡山市","2020000808","2020年8月","","323"
"10","価格","02134","2134 ぎょうざ(外食)","33100","岡山市","2020000707","2020年7月","","323"
"10","価格","02134","2134 ぎょうざ(外食)","33100","岡山市","2020000606","2020年6月","","323"
"10","価格","02134","2134 ぎょうざ(外食)","33100","岡山市","2020000505","2020年5月","","323"
"10","価格","02134","2134 ぎょうざ(外食)","33100","岡山市","2020000404","2020年4月","","323"
"10","価格","02134","2134 ぎょうざ(外食)","33100","岡山市","2020000303","2020年3月","","323"
"10","価格","02134","2134 ぎょうざ(外食)","33100","岡山市","2020000202","2020年2月","","323"
"10","価格","02134","2134 ぎょうざ(外食)","33100","岡山市","2020000101","2020年1月","","323"
"10","価格","02134","2134 ぎょうざ(外食)","34100","広島市","2020001212","2020年12月","","422"
"10","価格","02134","2134 ぎょうざ(外食)","34100","広島市","2020001111","2020年11月","","422"
"10","価格","02134","2134 ぎょうざ(外食)","34100","広島市","2020001010","2020年10月","","422"
"10","価格","02134","2134 ぎょうざ(外食)","34100","広島市","2020000909","2020年9月","","422"
"10","価格","02134","2134 ぎょうざ(外食)","34100","広島市","2020000808","2020年8月","","422"
"10","価格","02134","2134 ぎょうざ(外食)","34100","広島市","2020000707","2020年7月","","422"
"10","価格","02134","2134 ぎょうざ(外食)","34100","広島市","2020000606","2020年6月","","422"
"10","価格","02134","2134 ぎょうざ(外食)","34100","広島市","2020000505","2020年5月","","364"
"10","価格","02134","2134 ぎょうざ(外食)","34100","広島市","2020000404","2020年4月","","336"
"10","価格","02134","2134 ぎょうざ(外食)","34100","広島市","2020000303","2020年3月","","364"
"10","価格","02134","2134 ぎょうざ(外食)","34100","広島市","2020000202","2020年2月","","364"
"10","価格","02134","2134 ぎょうざ(外食)","34100","広島市","2020000101","2020年1月","","364"
"10","価格","02134","2134 ぎょうざ(外食)","34207","福山市","2020001212","2020年12月","","..."
"10","価格","02134","2134 ぎょうざ(外食)","34207","福山市","2020001111","2020年11月","","..."
"10","価格","02134","2134 ぎょうざ(外食)","34207","福山市","2020001010","2020年10月","","..."
"10","価格","02134","2134 ぎょうざ(外食)","34207","福山市","2020000909","2020年9月","","..."
"10","価格","02134","2134 ぎょうざ(外食)","34207","福山市","2020000808","2020年8月","","..."
"10","価格","02134","2134 ぎょうざ(外食)","34207","福山市","2020000707","2020年7月","","..."
"10","価格","02134","2134 ぎょうざ(外食)","34207","福山市","2020000606","2020年6月","","..."
"10","価格","02134","2134 ぎょうざ(外食)","34207","福山市","2020000505","2020年5月","","..."
"10","価格","02134","2134 ぎょうざ(外食)","34207","福山市","2020000404","2020年4月","","..."
"10","価格","02134","2134 ぎょうざ(外食)","34207","福山市","2020000303","2020年3月","","..."
"10","価格","02134","2134 ぎょうざ(外食)","34207","福山市","2020000202","2020年2月","","..."
"10","価格","02134","2134 ぎょうざ(外食)","34207","福山市","2020000101","2020年1月","","..."
"10","価格","02134","2134 ぎょうざ(外食)","35203","山口市","2020001212","2020年12月","","345"
"10","価格","02134","2134 ぎょうざ(外食)","35203","山口市","2020001111","2020年11月","","345"
"10","価格","02134","2134 ぎょうざ(外食)","35203","山口市","2020001010","2020年10月","","345"
"10","価格","02134","2134 ぎょうざ(外食)","35203","山口市","2020000909","2020年9月","","345"
"10","価格","02134","2134 ぎょうざ(外食)","35203","山口市","2020000808","2020年8月","","345"
"10","価格","02134","2134 ぎょうざ(外食)","35203","山口市","2020000707","2020年7月","","345"
"10","価格","02134","2134 ぎょうざ(外食)","35203","山口市","2020000606","2020年6月","","345"
"10","価格","02134","2134 ぎょうざ(外食)","35203","山口市","2020000505","2020年5月","","345"
"10","価格","02134","2134 ぎょうざ(外食)","35203","山口市","2020000404","2020年4月","","328"
"10","価格","02134","2134 ぎょうざ(外食)","35203","山口市","2020000303","2020年3月","","328"
"10","価格","02134","2134 ぎょうざ(外食)","35203","山口市","2020000202","2020年2月","","328"
"10","価格","02134","2134 ぎょうざ(外食)","35203","山口市","2020000101","2020年1月","","328"
"10","価格","02134","2134 ぎょうざ(外食)","35202","宇部市","2020001212","2020年12月","","..."
"10","価格","02134","2134 ぎょうざ(外食)","35202","宇部市","2020001111","2020年11月","","..."
"10","価格","02134","2134 ぎょうざ(外食)","35202","宇部市","2020001010","2020年10月","","..."
"10","価格","02134","2134 ぎょうざ(外食)","35202","宇部市","2020000909","2020年9月","","..."
"10","価格","02134","2134 ぎょうざ(外食)","35202","宇部市","2020000808","2020年8月","","..."
"10","価格","02134","2134 ぎょうざ(外食)","35202","宇部市","2020000707","2020年7月","","..."
"10","価格","02134","2134 ぎょうざ(外食)","35202","宇部市","2020000606","2020年6月","","..."
"10","価格","02134","2134 ぎょうざ(外食)","35202","宇部市","2020000505","2020年5月","","..."
"10","価格","02134","2134 ぎょうざ(外食)","35202","宇部市","2020000404","2020年4月","","..."
"10","価格","02134","2134 ぎょうざ(外食)","35202","宇部市","2020000303","2020年3月","","..."
"10","価格","02134","2134 ぎょうざ(外食)","35202","宇部市","2020000202","2020年2月","","..."
"10","価格","02134","2134 ぎょうざ(外食)","35202","宇部市","2020000101","2020年1月","","..."
"10","価格","02134","2134 ぎょうざ(外食)","36201","徳島市","2020001212","2020年12月","","367"
"10","価格","02134","2134 ぎょうざ(外食)","36201","徳島市","2020001111","2020年11月","","367"
"10","価格","02134","2134 ぎょうざ(外食)","36201","徳島市","2020001010","2020年10月","","367"
"10","価格","02134","2134 ぎょうざ(外食)","36201","徳島市","2020000909","2020年9月","","367"
"10","価格","02134","2134 ぎょうざ(外食)","36201","徳島市","2020000808","2020年8月","","367"
"10","価格","02134","2134 ぎょうざ(外食)","36201","徳島市","2020000707","2020年7月","","367"
"10","価格","02134","2134 ぎょうざ(外食)","36201","徳島市","2020000606","2020年6月","","367"
"10","価格","02134","2134 ぎょうざ(外食)","36201","徳島市","2020000505","2020年5月","","400"
"10","価格","02134","2134 ぎょうざ(外食)","36201","徳島市","2020000404","2020年4月","","367"
"10","価格","02134","2134 ぎょうざ(外食)","36201","徳島市","2020000303","2020年3月","","367"
"10","価格","02134","2134 ぎょうざ(外食)","36201","徳島市","2020000202","2020年2月","","367"
"10","価格","02134","2134 ぎょうざ(外食)","36201","徳島市","2020000101","2020年1月","","367"
"10","価格","02134","2134 ぎょうざ(外食)","37201","高松市","2020001212","2020年12月","","338"
"10","価格","02134","2134 ぎょうざ(外食)","37201","高松市","2020001111","2020年11月","","338"
"10","価格","02134","2134 ぎょうざ(外食)","37201","高松市","2020001010","2020年10月","","337"
"10","価格","02134","2134 ぎょうざ(外食)","37201","高松市","2020000909","2020年9月","","338"
"10","価格","02134","2134 ぎょうざ(外食)","37201","高松市","2020000808","2020年8月","","338"
"10","価格","02134","2134 ぎょうざ(外食)","37201","高松市","2020000707","2020年7月","","338"
"10","価格","02134","2134 ぎょうざ(外食)","37201","高松市","2020000606","2020年6月","","338"
"10","価格","02134","2134 ぎょうざ(外食)","37201","高松市","2020000505","2020年5月","","338"
"10","価格","02134","2134 ぎょうざ(外食)","37201","高松市","2020000404","2020年4月","","338"
"10","価格","02134","2134 ぎょうざ(外食)","37201","高松市","2020000303","2020年3月","","338"
"10","価格","02134","2134 ぎょうざ(外食)","37201","高松市","2020000202","2020年2月","","338"
"10","価格","02134","2134 ぎょうざ(外食)","37201","高松市","2020000101","2020年1月","","338"
"10","価格","02134","2134 ぎょうざ(外食)","38201","松山市","2020001212","2020年12月","","437"
"10","価格","02134","2134 ぎょうざ(外食)","38201","松山市","2020001111","2020年11月","","437"
"10","価格","02134","2134 ぎょうざ(外食)","38201","松山市","2020001010","2020年10月","","437"
"10","価格","02134","2134 ぎょうざ(外食)","38201","松山市","2020000909","2020年9月","","437"
"10","価格","02134","2134 ぎょうざ(外食)","38201","松山市","2020000808","2020年8月","","437"
"10","価格","02134","2134 ぎょうざ(外食)","38201","松山市","2020000707","2020年7月","","437"
"10","価格","02134","2134 ぎょうざ(外食)","38201","松山市","2020000606","2020年6月","","437"
"10","価格","02134","2134 ぎょうざ(外食)","38201","松山市","2020000505","2020年5月","","437"
"10","価格","02134","2134 ぎょうざ(外食)","38201","松山市","2020000404","2020年4月","","437"
"10","価格","02134","2134 ぎょうざ(外食)","38201","松山市","2020000303","2020年3月","","437"
"10","価格","02134","2134 ぎょうざ(外食)","38201","松山市","2020000202","2020年2月","","437"
"10","価格","02134","2134 ぎょうざ(外食)","38201","松山市","2020000101","2020年1月","","437"
"10","価格","02134","2134 ぎょうざ(外食)","38202","今治市","2020001212","2020年12月","","..."
"10","価格","02134","2134 ぎょうざ(外食)","38202","今治市","2020001111","2020年11月","","..."
"10","価格","02134","2134 ぎょうざ(外食)","38202","今治市","2020001010","2020年10月","","..."
"10","価格","02134","2134 ぎょうざ(外食)","38202","今治市","2020000909","2020年9月","","..."
"10","価格","02134","2134 ぎょうざ(外食)","38202","今治市","2020000808","2020年8月","","..."
"10","価格","02134","2134 ぎょうざ(外食)","38202","今治市","2020000707","2020年7月","","..."
"10","価格","02134","2134 ぎょうざ(外食)","38202","今治市","2020000606","2020年6月","","..."
"10","価格","02134","2134 ぎょうざ(外食)","38202","今治市","2020000505","2020年5月","","..."
"10","価格","02134","2134 ぎょうざ(外食)","38202","今治市","2020000404","2020年4月","","..."
"10","価格","02134","2134 ぎょうざ(外食)","38202","今治市","2020000303","2020年3月","","..."
"10","価格","02134","2134 ぎょうざ(外食)","38202","今治市","2020000202","2020年2月","","..."
"10","価格","02134","2134 ぎょうざ(外食)","38202","今治市","2020000101","2020年1月","","..."
"10","価格","02134","2134 ぎょうざ(外食)","39201","高知市","2020001212","2020年12月","","337"
"10","価格","02134","2134 ぎょうざ(外食)","39201","高知市","2020001111","2020年11月","","337"
"10","価格","02134","2134 ぎょうざ(外食)","39201","高知市","2020001010","2020年10月","","337"
"10","価格","02134","2134 ぎょうざ(外食)","39201","高知市","2020000909","2020年9月","","337"
"10","価格","02134","2134 ぎょうざ(外食)","39201","高知市","2020000808","2020年8月","","344"
"10","価格","02134","2134 ぎょうざ(外食)","39201","高知市","2020000707","2020年7月","","344"
"10","価格","02134","2134 ぎょうざ(外食)","39201","高知市","2020000606","2020年6月","","344"
"10","価格","02134","2134 ぎょうざ(外食)","39201","高知市","2020000505","2020年5月","","344"
"10","価格","02134","2134 ぎょうざ(外食)","39201","高知市","2020000404","2020年4月","","344"
"10","価格","02134","2134 ぎょうざ(外食)","39201","高知市","2020000303","2020年3月","","344"
"10","価格","02134","2134 ぎょうざ(外食)","39201","高知市","2020000202","2020年2月","","344"
"10","価格","02134","2134 ぎょうざ(外食)","39201","高知市","2020000101","2020年1月","","384"
"10","価格","02134","2134 ぎょうざ(外食)","40130","福岡市","2020001212","2020年12月","","310"
"10","価格","02134","2134 ぎょうざ(外食)","40130","福岡市","2020001111","2020年11月","","310"
"10","価格","02134","2134 ぎょうざ(外食)","40130","福岡市","2020001010","2020年10月","","310"
"10","価格","02134","2134 ぎょうざ(外食)","40130","福岡市","2020000909","2020年9月","","310"
"10","価格","02134","2134 ぎょうざ(外食)","40130","福岡市","2020000808","2020年8月","","310"
"10","価格","02134","2134 ぎょうざ(外食)","40130","福岡市","2020000707","2020年7月","","310"
"10","価格","02134","2134 ぎょうざ(外食)","40130","福岡市","2020000606","2020年6月","","310"
"10","価格","02134","2134 ぎょうざ(外食)","40130","福岡市","2020000505","2020年5月","","278"
"10","価格","02134","2134 ぎょうざ(外食)","40130","福岡市","2020000404","2020年4月","","310"
"10","価格","02134","2134 ぎょうざ(外食)","40130","福岡市","2020000303","2020年3月","","310"
"10","価格","02134","2134 ぎょうざ(外食)","40130","福岡市","2020000202","2020年2月","","283"
"10","価格","02134","2134 ぎょうざ(外食)","40130","福岡市","2020000101","2020年1月","","283"
"10","価格","02134","2134 ぎょうざ(外食)","40100","北九州市","2020001212","2020年12月","","..."
"10","価格","02134","2134 ぎょうざ(外食)","40100","北九州市","2020001111","2020年11月","","..."
"10","価格","02134","2134 ぎょうざ(外食)","40100","北九州市","2020001010","2020年10月","","..."
"10","価格","02134","2134 ぎょうざ(外食)","40100","北九州市","2020000909","2020年9月","","..."
"10","価格","02134","2134 ぎょうざ(外食)","40100","北九州市","2020000808","2020年8月","","..."
"10","価格","02134","2134 ぎょうざ(外食)","40100","北九州市","2020000707","2020年7月","","..."
"10","価格","02134","2134 ぎょうざ(外食)","40100","北九州市","2020000606","2020年6月","","..."
"10","価格","02134","2134 ぎょうざ(外食)","40100","北九州市","2020000505","2020年5月","","..."
"10","価格","02134","2134 ぎょうざ(外食)","40100","北九州市","2020000404","2020年4月","","..."
"10","価格","02134","2134 ぎょうざ(外食)","40100","北九州市","2020000303","2020年3月","","..."
"10","価格","02134","2134 ぎょうざ(外食)","40100","北九州市","2020000202","2020年2月","","..."
"10","価格","02134","2134 ぎょうざ(外食)","40100","北九州市","2020000101","2020年1月","","..."
"10","価格","02134","2134 ぎょうざ(外食)","41201","佐賀市","2020001212","2020年12月","","308"
"10","価格","02134","2134 ぎょうざ(外食)","41201","佐賀市","2020001111","2020年11月","","308"
"10","価格","02134","2134 ぎょうざ(外食)","41201","佐賀市","2020001010","2020年10月","","308"
"10","価格","02134","2134 ぎょうざ(外食)","41201","佐賀市","2020000909","2020年9月","","308"
"10","価格","02134","2134 ぎょうざ(外食)","41201","佐賀市","2020000808","2020年8月","","308"
"10","価格","02134","2134 ぎょうざ(外食)","41201","佐賀市","2020000707","2020年7月","","308"
"10","価格","02134","2134 ぎょうざ(外食)","41201","佐賀市","2020000606","2020年6月","","308"
"10","価格","02134","2134 ぎょうざ(外食)","41201","佐賀市","2020000505","2020年5月","","308"
"10","価格","02134","2134 ぎょうざ(外食)","41201","佐賀市","2020000404","2020年4月","","308"
"10","価格","02134","2134 ぎょうざ(外食)","41201","佐賀市","2020000303","2020年3月","","308"
"10","価格","02134","2134 ぎょうざ(外食)","41201","佐賀市","2020000202","2020年2月","","308"
"10","価格","02134","2134 ぎょうざ(外食)","41201","佐賀市","2020000101","2020年1月","","308"
"10","価格","02134","2134 ぎょうざ(外食)","42201","長崎市","2020001212","2020年12月","","550"
"10","価格","02134","2134 ぎょうざ(外食)","42201","長崎市","2020001111","2020年11月","","550"
"10","価格","02134","2134 ぎょうざ(外食)","42201","長崎市","2020001010","2020年10月","","550"
"10","価格","02134","2134 ぎょうざ(外食)","42201","長崎市","2020000909","2020年9月","","550"
"10","価格","02134","2134 ぎょうざ(外食)","42201","長崎市","2020000808","2020年8月","","550"
"10","価格","02134","2134 ぎょうざ(外食)","42201","長崎市","2020000707","2020年7月","","550"
"10","価格","02134","2134 ぎょうざ(外食)","42201","長崎市","2020000606","2020年6月","","550"
"10","価格","02134","2134 ぎょうざ(外食)","42201","長崎市","2020000505","2020年5月","","500"
"10","価格","02134","2134 ぎょうざ(外食)","42201","長崎市","2020000404","2020年4月","","550"
"10","価格","02134","2134 ぎょうざ(外食)","42201","長崎市","2020000303","2020年3月","","550"
"10","価格","02134","2134 ぎょうざ(外食)","42201","長崎市","2020000202","2020年2月","","550"
"10","価格","02134","2134 ぎょうざ(外食)","42201","長崎市","2020000101","2020年1月","","550"
"10","価格","02134","2134 ぎょうざ(外食)","42202","佐世保市","2020001212","2020年12月","","..."
"10","価格","02134","2134 ぎょうざ(外食)","42202","佐世保市","2020001111","2020年11月","","..."
"10","価格","02134","2134 ぎょうざ(外食)","42202","佐世保市","2020001010","2020年10月","","..."
"10","価格","02134","2134 ぎょうざ(外食)","42202","佐世保市","2020000909","2020年9月","","..."
"10","価格","02134","2134 ぎょうざ(外食)","42202","佐世保市","2020000808","2020年8月","","..."
"10","価格","02134","2134 ぎょうざ(外食)","42202","佐世保市","2020000707","2020年7月","","..."
"10","価格","02134","2134 ぎょうざ(外食)","42202","佐世保市","2020000606","2020年6月","","..."
"10","価格","02134","2134 ぎょうざ(外食)","42202","佐世保市","2020000505","2020年5月","","..."
"10","価格","02134","2134 ぎょうざ(外食)","42202","佐世保市","2020000404","2020年4月","","..."
"10","価格","02134","2134 ぎょうざ(外食)","42202","佐世保市","2020000303","2020年3月","","..."
"10","価格","02134","2134 ぎょうざ(外食)","42202","佐世保市","2020000202","2020年2月","","..."
"10","価格","02134","2134 ぎょうざ(外食)","42202","佐世保市","2020000101","2020年1月","","..."
"10","価格","02134","2134 ぎょうざ(外食)","43100","熊本市","2020001212","2020年12月","","462"
"10","価格","02134","2134 ぎょうざ(外食)","43100","熊本市","2020001111","2020年11月","","462"
"10","価格","02134","2134 ぎょうざ(外食)","43100","熊本市","2020001010","2020年10月","","462"
"10","価格","02134","2134 ぎょうざ(外食)","43100","熊本市","2020000909","2020年9月","","462"
"10","価格","02134","2134 ぎょうざ(外食)","43100","熊本市","2020000808","2020年8月","","462"
"10","価格","02134","2134 ぎょうざ(外食)","43100","熊本市","2020000707","2020年7月","","462"
"10","価格","02134","2134 ぎょうざ(外食)","43100","熊本市","2020000606","2020年6月","","462"
"10","価格","02134","2134 ぎょうざ(外食)","43100","熊本市","2020000505","2020年5月","","462"
"10","価格","02134","2134 ぎょうざ(外食)","43100","熊本市","2020000404","2020年4月","","462"
"10","価格","02134","2134 ぎょうざ(外食)","43100","熊本市","2020000303","2020年3月","","462"
"10","価格","02134","2134 ぎょうざ(外食)","43100","熊本市","2020000202","2020年2月","","462"
"10","価格","02134","2134 ぎょうざ(外食)","43100","熊本市","2020000101","2020年1月","","462"
"10","価格","02134","2134 ぎょうざ(外食)","44201","大分市","2020001212","2020年12月","","393"
"10","価格","02134","2134 ぎょうざ(外食)","44201","大分市","2020001111","2020年11月","","393"
"10","価格","02134","2134 ぎょうざ(外食)","44201","大分市","2020001010","2020年10月","","393"
"10","価格","02134","2134 ぎょうざ(外食)","44201","大分市","2020000909","2020年9月","","393"
"10","価格","02134","2134 ぎょうざ(外食)","44201","大分市","2020000808","2020年8月","","393"
"10","価格","02134","2134 ぎょうざ(外食)","44201","大分市","2020000707","2020年7月","","393"
"10","価格","02134","2134 ぎょうざ(外食)","44201","大分市","2020000606","2020年6月","","393"
"10","価格","02134","2134 ぎょうざ(外食)","44201","大分市","2020000505","2020年5月","","393"
"10","価格","02134","2134 ぎょうざ(外食)","44201","大分市","2020000404","2020年4月","","393"
"10","価格","02134","2134 ぎょうざ(外食)","44201","大分市","2020000303","2020年3月","","393"
"10","価格","02134","2134 ぎょうざ(外食)","44201","大分市","2020000202","2020年2月","","393"
"10","価格","02134","2134 ぎょうざ(外食)","44201","大分市","2020000101","2020年1月","","393"
"10","価格","02134","2134 ぎょうざ(外食)","45201","宮崎市","2020001212","2020年12月","","415"
"10","価格","02134","2134 ぎょうざ(外食)","45201","宮崎市","2020001111","2020年11月","","415"
"10","価格","02134","2134 ぎょうざ(外食)","45201","宮崎市","2020001010","2020年10月","","415"
"10","価格","02134","2134 ぎょうざ(外食)","45201","宮崎市","2020000909","2020年9月","","415"
"10","価格","02134","2134 ぎょうざ(外食)","45201","宮崎市","2020000808","2020年8月","","415"
"10","価格","02134","2134 ぎょうざ(外食)","45201","宮崎市","2020000707","2020年7月","","415"
"10","価格","02134","2134 ぎょうざ(外食)","45201","宮崎市","2020000606","2020年6月","","415"
"10","価格","02134","2134 ぎょうざ(外食)","45201","宮崎市","2020000505","2020年5月","","415"
"10","価格","02134","2134 ぎょうざ(外食)","45201","宮崎市","2020000404","2020年4月","","415"
"10","価格","02134","2134 ぎょうざ(外食)","45201","宮崎市","2020000303","2020年3月","","415"
"10","価格","02134","2134 ぎょうざ(外食)","45201","宮崎市","2020000202","2020年2月","","398"
"10","価格","02134","2134 ぎょうざ(外食)","45201","宮崎市","2020000101","2020年1月","","398"
"10","価格","02134","2134 ぎょうざ(外食)","46201","鹿児島市","2020001212","2020年12月","","234"
"10","価格","02134","2134 ぎょうざ(外食)","46201","鹿児島市","2020001111","2020年11月","","234"
"10","価格","02134","2134 ぎょうざ(外食)","46201","鹿児島市","2020001010","2020年10月","","234"
"10","価格","02134","2134 ぎょうざ(外食)","46201","鹿児島市","2020000909","2020年9月","","234"
"10","価格","02134","2134 ぎょうざ(外食)","46201","鹿児島市","2020000808","2020年8月","","234"
"10","価格","02134","2134 ぎょうざ(外食)","46201","鹿児島市","2020000707","2020年7月","","234"
"10","価格","02134","2134 ぎょうざ(外食)","46201","鹿児島市","2020000606","2020年6月","","234"
"10","価格","02134","2134 ぎょうざ(外食)","46201","鹿児島市","2020000505","2020年5月","","234"
"10","価格","02134","2134 ぎょうざ(外食)","46201","鹿児島市","2020000404","2020年4月","","234"
"10","価格","02134","2134 ぎょうざ(外食)","46201","鹿児島市","2020000303","2020年3月","","234"
"10","価格","02134","2134 ぎょうざ(外食)","46201","鹿児島市","2020000202","2020年2月","","369"
"10","価格","02134","2134 ぎょうざ(外食)","46201","鹿児島市","2020000101","2020年1月","","316"
"10","価格","02134","2134 ぎょうざ(外食)","47201","那覇市","2020001212","2020年12月","","355"
"10","価格","02134","2134 ぎょうざ(外食)","47201","那覇市","2020001111","2020年11月","","355"
"10","価格","02134","2134 ぎょうざ(外食)","47201","那覇市","2020001010","2020年10月","","355"
"10","価格","02134","2134 ぎょうざ(外食)","47201","那覇市","2020000909","2020年9月","","355"
"10","価格","02134","2134 ぎょうざ(外食)","47201","那覇市","2020000808","2020年8月","","355"
"10","価格","02134","2134 ぎょうざ(外食)","47201","那覇市","2020000707","2020年7月","","355"
"10","価格","02134","2134 ぎょうざ(外食)","47201","那覇市","2020000606","2020年6月","","355"
"10","価格","02134","2134 ぎょうざ(外食)","47201","那覇市","2020000505","2020年5月","","355"
"10","価格","02134","2134 ぎょうざ(外食)","47201","那覇市","2020000404","2020年4月","","362"
"10","価格","02134","2134 ぎょうざ(外食)","47201","那覇市","2020000303","2020年3月","","362"
"10","価格","02134","2134 ぎょうざ(外食)","47201","那覇市","2020000202","2020年2月","","362"
"10","価格","02134","2134 ぎょうざ(外食)","47201","那覇市","2020000101","2020年1月","","362"
